uid,glb_sha256,make,model,reviewed_at,year_start,year_end,body_style,trim
03af3f482d9144bd993e580441ff3225,ddec406cc1e7bd01e9e28f7da0f44ae835fa7263cf54b778001f429263e5090d,porsche,911,2026-08-11,2021,,,Targa 4S
03e383400bb74626bcdedbbe198a5849,4667ac812fa0a6ed7a3debbc55a7fbe5f8a14fbf943416933fd2fdbf4d9df529,porsche,cayman,2026-08-11,2014,,,S
04f556e0a2aa425185dcee7f7f1e2ff1,2cbebbd7bde22128154df4e375496afc8d7208f4144188097db15d00732beadd,porsche,911,2026-08-11,2018,,,
0530aa8fa4b74427a71c961a5bdd7087,651d436da16be64578de0fe34c34191ef59786a9d89429404391a6adfae18a1d,porsche,959,2026-08-11,,,,
081cf9a708bb4b8b8f14d55b56ffdfe9,574db0c2424f8e0ac00a6dbed567acb7c6e8adbc2f2ef67516b88e50d9e4c46c,porsche,911,2026-08-11,,,,Turbo S
09c6832d4e4447c8b3992d7c51adbd8c,630db9bc7d5756c8149d3b13bf4ec24b7d937d3e8c98b8a24f5d8d00e8f0261b,porsche,cayenne,2026-08-11,2009,,,Turbo S
0e118f0e927645a1876a4f213cddb0f0,3d661204e0c38ee5542defab90b1d89e03c30c8302fca2112b1a4a6a49429c31,porsche,911,2026-08-11,2021,,,Targa 4S Heritage Design
0fadf286b5804c03ac2e35d5db6c8a91,3e9e30c807e849adfa856c5831654346f03284e34c762ff2c368b427463799f4,porsche,911,2026-08-11,2014,,,Turbo
122a977cf6be4d639a9e239c6d859c44,c167cfba6b6868bba7947c86db72b091204a51772eec49d5db55c3ff91cd76d9,porsche,boxster,2026-08-11,2010,,,Spyder
14e73d3348d44fabb01ced4aa60c7db6,f5c8d16d2eea36604b465387f025ba652a77d4b2bc45c10f0637b86dd1f0ff6f,porsche,macan,2026-08-11,2020,,,
1503f8d08f154ec7ab52f95a99c55134,4a04f7e4dc19b94a24d9009639313f4c0b46ae2a89b908d2e66f19a7c19de6c5,porsche,911,2026-08-11,2025,,,GT3
1ab438e7fc444fedb6f1ee255f21902a,c9dc4d5b473381caabfa9c2c5751518e7627ce5cd2ae7f933a8033ce4c2fa17b,porsche,911,2026-08-11,2019,,,GT3 RS Weissach Package
1bb367ebaee14829a24e9b5444c15087,5fab6a63c35a3f37240974c89e1076d6406ccfa5cd2e33b329bdae5019973880,porsche,718,2026-08-11,2020,,,Spyder
249b3088ba9449038d89670c9cd8d789,b9a3685f24501acc236187228722b70de5b7808469772557f374babe3a47814c,porsche,911,2026-08-11,2014,,,GT3
259b0294bc254b1f85defaf5ea5bc34c,7566390b480b4cb83d1272c52fa3a42d0ac334a8bbb44657badb1e2dada3297f,porsche,taycan,2026-08-11,,,,
27240ad1a825434f99e980d7c904c3d0,0e1ebec827a3d87d591319fd20a5159e0cd92eb0a7b5e440c031fb672c5a01af,porsche,911,2026-08-11,1992,,,Turbo S 3.6
2826fd94a234422d94c88f2f5ef9fdfd,01a43adbdc3bcca7f100c2021ddba971821063023f8894fab06c50503fbbca5d,porsche,911,2026-08-11,2017,,,Turbo S Exclusive Series
28dbd43350bf462c806d5ba3d608e1cc,4220d2513fbeaebd33930224997324b07ab11c772d4b89292e15449bbec65ad5,porsche,911,2026-08-11,2000,,,Turbo
2b3843db0f784ab0a8702f6361d16d2a,3142705251b00e27dde7b130f6aace44db7134934561ad9e96a5d32013ff8535,porsche,911,2026-08-11,1995,,,GT2
2c4a64ebf4ba4da29b119f6e3ac7b1fa,7d05f5ec7249166423fce4e140ca726e0656e24e22c82e15923a2bbac86473ca,porsche,718,2026-08-11,2024,,,Spyder RS
32b33f05cb4f457a87428757f90298ce,0041066175e6aae68123e43b20f7306940e7f9aeaccadae31088cb60ac44582a,porsche,911,2026-08-11,1994,,,Carrera
357999b7e87642e38062623127a61bb2,77c231f8cdc91abd716cefaa9f4c3e64ef4d59453357065c633860d8324e41ec,porsche,718-cayman,2026-08-11,2020,,,GT4
37406df07eba477e898806606ccfeb5e,8681db0510fde5c2dfa61682cd0f1386b310755931fd8e24069e1c56f7d4d706,porsche,cayman,2026-08-11,,,,S
3d84bed1c5794403a80580eebc2a4c72,84321852beb52a9b3cb28be4263cc788522b78072ac30b4f674f4b27909e32d4,porsche,911,2026-08-11,2018,,,GT2 RS Weissach Package
3f1a399631a84f55b1d1cd04310e361f,e4c7b306ad07e270a4607336a2d79e5fb09691ab2519a484e724a440b0de0510,porsche,911,2026-08-11,1989,,,Carrera 4
41419345868e406eaec8a271e33de3c1,c49633b1117d1f39d90e376869dd5fdbd5a8e9b62492fea9bee7889682654075,porsche,911,2026-08-11,,,,GT2 RS
4167ba8ff6dd49fc8300c48a8fe097a0,1e2f28d155fbd597a756929d41477919e708f86c4b8c2b5fac75f3d2f1bab41b,porsche,911,2026-08-11,2022,,,GT3 Touring
45982328a4bc458199da0c9f95b4f28d,08d86d1bd39fee85b304c1fb021b5d0743fe3547944e9012c40e7c0398d29710,porsche,911,2026-08-11,2016,,,Turbo S
4774f59cbb1146be81cffd795f61a9f6,568b5c0481975d51093d9cd2b354e642e156fc0e2dafae03c92125d210c399a0,porsche,cayenne,2026-08-11,2020,,,Turbo Coupe
4b52cfc4ce32438aa732880fae81c047,d255fa573f65b6111b867dbf1bff182469bea328dbe45d0a638616bb62ead225,porsche,718-boxster,2026-08-11,2017,,,S
4b7c65bfd3bd4eacb14183cfbcb07565,eb67e77cd2ffaa7f70972467310c6be346502db889b5357f2c124e72fc1ac65a,porsche,911,2026-08-11,,,,GT3
4b989f15962e457cbf9f2990528bce52,7e88c2b19dc7df1997ee1e2a7f7c257e7338b4d6fee88e70d8b8a423972f7477,porsche,911,2026-08-11,,,,Carrera 4S
4e1abafe7cf5413587a421377624ba08,1a5411f1123fe563007dfc080173732305fcd06eabaa035b7144abaedad195d0,porsche,taycan,2026-08-11,2025,,,Turbo GT Weissach Package
570249cd14c342ea947b05fee05245d9,571741801c2ebf2cdb7406708959dfda414d04e572addf1ef01dec34acac110b,porsche,944,2026-08-11,1991,,,Turbo
597734ea90bc472fb52d937feed3af14,bb6437ee5af812786fdf3cf99e948cf169ebbe7f5ad875053a06bfa9fc43b363,porsche,911,2026-08-11,,,,
5ab56c0a7666450cabb59d5e44539a12,24bbfc0f208a718bbac94c38fa5ebb925f211ed447a428df5d1ef6409733c18c,porsche,718-boxster,2026-08-11,2019,,,T
5dcc96f1f7fb4ff5a577b5c9f106275d,dccf9fd4cf1a42b088f5e197bc68f26028052d6bf094764e5a4a8ec251a924fc,porsche,930,2026-08-11,,,,Turbo
5fd62615f72a4012a5ebc15cd4c64461,b37b8b049f116ea743e4e92c74bcf80b5ab85bba3934e78cd575a14dbaa66e00,porsche,911,2026-08-11,,,,GT3 RS
5fe43aaf8a2d4277859d79884aa4ad3e,d52514a35bed62a8f894c7fa555ce833c37981d85b39427e8b760f868b55fa50,porsche,panamera,2026-08-11,2019,,,Turbo
626f4a5d85d14480939eb8bb3c217c30,865acd9f51e5ed91e8d20606415e4e47c735a6126e11789b9cbeeca213c69b90,porsche,911,2026-08-11,2019,,,Speedster Heritage Edition
678ed0b096bd4b99839888eef6075666,a1933a451209e7c8579e1d3ac07db28400b0aee442601a87d27ca342f94782b9,porsche,959,2026-08-11,1987,,,
67a3239621ec4d4091578d0b372e1aca,39cf99d80b28fc82dc60f7969afc9ce5ef200d365fd803478385db277028ac1b,porsche,914-6,2026-08-11,,,,GT
69a1c529af8a49ef8c6c3fa1c79b54c1,a046105a70e1699d675eb3d15aaf1dc9ea5ff4e308bcf63b2b2cd54bf54f7ca0,porsche,911,2026-08-11,,,,Turbo
6d135fddeb87429898034474fc0f5c0c,628f4793f06e5c33b6642497ca16fdf9543a42c411e137720aa36fd4fee0b4f7,porsche,911,2026-08-11,,,,GT3 RS
706606b037ff458ea229042ea52cd1bd,bdb8792db595f30c9310c1ce3042b0e8445c4d1e30b1f14880636eb4d73f3e97,porsche,boxster,2026-08-11,2015,,,GTS
74ebbd6423154e879e43dd2e1df7cdd1,80b217cdc9b96b3310c2c75d5932666ee55414196029b5be2d0e7ee636ccd59a,porsche,911,2026-08-11,,,,GT3 RS
78d5c47ab2554c2592b7e499179a0792,dd4642e7ac700f1afc1f4ccf503f571ecac89a70c19c759a3936ae4d84a9630b,porsche,911,2026-08-11,,,,GT3
7b0f4b60716f4b23a0714cf9303a0802,36e3d1e4e857bb4b3221e792e49bbc8b0ab9d1898c9662ba15bed2443d30c0f5,porsche,911,2026-08-11,,,,
7c503ca4615148d88c98466b45a84c0a,90fd3647623d114049712810be2e1a39b348f3687e21b13b6e1523132d3fbd2b,porsche,911,2026-08-11,2019,,,Targa 4S
7e25beb0e2c841f0bf51f94fde651fd4,e251b66a7ff9090a22679552e064994239911c421febf71c174cf5ffd201182c,porsche,911,2026-08-11,,,,GT3 RS
7fd67e408409449c98e3c7be35b40aa7,c9fd13dd0973a3b72faa990106d71323ffadef7d84370ce78ec363b454fd47d1,porsche,911,2026-08-11,2015,,,Carrera S
8b96f6a0aca3444aada943f349ae36f0,ea187b316bd614a4e816821793be68ebafa8ce6bd8dc736ded56817b427d9f66,porsche,panamera,2026-08-11,2010,,,Turbo
90d32f48d4964bc9b5a9df88fcc3aa3d,cfd13ee93741cfccf8496035fdb8a28fafedfd41f78054964ab12f572aad0aa6,porsche,carrera-gt,2026-08-11,,,,
92050f39daba42fb8b2d004b09d06065,98eb6afab0c6d9c613449262dc9a4c3b634c518af6a7dfc5c116b85ee5a99e55,porsche,911,2026-08-11,2019,,,GT3 RS
93bcd9a97f3b4fdb903b2dd8c138177e,7c42edf854840378d8c797f8062eb3bcad15a1a63fb7b6ac31ac58d9ba1c062e,porsche,911,2026-08-11,2013,,,GT3
961a463221c0465daa697a49641de691,c69816289dc3e6f604d1cacac57e3dcca2079942bd6121726bb9deefb3669239,porsche,cayman,2026-08-11,,,,
97785983d3a949cf87e9ee6bf49f4032,3d6cf50796bc7a80a959356d558b41321ccd3616bb29135b0f90f75e79ca5277,porsche,911,2026-08-11,,,,Carrera S
978e631aad2b44c48561523dfa0c7b1c,8c34670d6fe594e887446ff11b67b8a387fe6d3bd8a5832e83f7c458e4e44869,porsche,911,2026-08-11,,,,
97ea84db846e4945961dffb8b2d7af18,ea6fc2b4b37ab86db43c7516725d088709c7ca4f03baa8a15e46f1c6ec600ade,porsche,911,2026-08-11,2019,,,GT3 RS
99c74d8fa7df42d984903868f6e593f6,82fdc3c7b972125777137afac596804d90d37e96454b4098f66ad99b1aa15e53,porsche,911,2026-08-11,,,,GT3 RS
9b2ebe52991945fbbfc649977ff4bf71,4b9ce683267d41265cf381ebee4af27740935d69661ec840f599ac142b11a470,porsche,993,2026-08-11,1995,,,Clubsport
9d48aa751ab24becbf7110e93c8a7a1f,b9f1bf3005a03b0401987bbde8bbe94c15d116c54ccf24217b04e1964dbdeaea,porsche,carrera-gt,2026-08-11,2004,,,
9fb9a088d0704a06ba69a8a6de100f10,bdeb410ca5ff6533f22ea651289ea403027b9bdfc37d9389de37dae620480fb4,porsche,918,2026-08-11,2015,,,Spyder
a4045a52962f4301b34a839b9c4ed9b9,b00c7c30749ed12f15cc58bc3189f1e127861563e061674ac71ea95bcfdb69bd,porsche,panamera,2026-08-11,,,,
a76364a3d50c4d78912a28250cb57be5,d93c1deb9aa5fe2b59e5968e2e5a5b22a4bd2585b536201ab7b59e33c8136394,porsche,911,2026-08-11,2022,,,GT3 Touring
ab60b9e064e645ab96aeabe7772e4d49,4762f4d46d3b51e8fa9b4b2f9ca23c7d4abba33233cc1d157a11e938f50a35a1,porsche,911,2026-08-11,1964,,,
b1d87619f6174f10be47423fcd4de444,e436c8e70b8f6fc44367190743d776dfa084e9131dc1b0a8074347f4a6c7b651,porsche,718-cayman,2026-08-11,2022,,,GT4 RS
b3f19d82cc494a9ead7b4bbec96f3e13,ef60776c4a6b5932cf089af8f530e70aee8030faf566863c44c41e9bd46bdab1,porsche,911,2026-08-11,2019,,,Carrera 4 GTS
b45ae79c8ec840a98fae0581af4be396,e121fd6a37616d42f048e923e0e4d4f2550f64360d9d5cf2c45bc61432f025a0,porsche,911,2026-08-11,2017,,,GT3 RS
b5a64fc6e75f4618bd43cf81aecce3f1,d956443ee41a438231ca4629059bad0ef3c64747e2ab8683099e7d08d2b1ac43,porsche,macan,2026-08-11,2022,,,GTS
b6756fc06654405a839bf14e931e4c83,7b201bae68b58efe135ab86ac175d2c12dabbba8df4a27b9dc2d14fb33deb4be,porsche,911,2026-08-11,2021,,,Turbo S
b8488f9425d84381a4efe5521db7f111,9a2d653671c444019074d65bfbe8579b5a8833c0d6e81e673762b6fdc82ff1ef,porsche,911,2026-08-11,2025,,,Targa 4 GTS
ba01afbaf32846e598db315be3507db3,1c09ccfcd886ccd67c9009867ce1949e75bdf251e8a2745f0c22f64faea719d2,porsche,911,2026-08-11,2022,,,GT3
bdc888633910404db4fa58e694c5ee39,c0707917400816f15d171895f6d5a556c69bbad613fb255b1bdfec518bebae6c,porsche,cayenne,2026-08-11,2010,,,S Hybrid
be2ffcfb789a40c5b8ebaa23c880caf6,03893a2ec46f7d455d32a686e8a770ceec190a7cee362470c1c6a69ec09e31a6,porsche,cayman,2026-08-11,2011,,,S
bf9186606d40493fb72274ff40f4269d,3929a2b3658c3c24874087665383eb61a6462a4869d533b824f9010ddabc6463,porsche,panamera,2026-08-11,2010,,,Turbo
c599b3aa82eb46f7ba3bb2d22bd9dfc6,575c7a9571806f5a04a902c942760cecb215d71190d8908c7f634dc6af99896d,porsche,718-cayman,2026-08-11,2017,,,
ca1040479c9843558c50b8f0ae75f640,4d798571d0d6b22fd05a3523a8b843a3bc2271fee2b417564d88ed5dadafb0f4,porsche,918,2026-08-11,2015,,,Spyder
cc2f5a514de942f98dbe81014988b2ca,0358623ec8968f035d8e0d9226e40a714e3788af2f007d69ee249effc021d371,porsche,911,2026-08-11,2008,,,GT3
cd97c516c0eb411789e7bb2bcd28622b,84290a05bbcd4166ae7afc31ca2d36ca7423c464b5eeaab6bde92f3a9808c735,porsche,taycan,2026-08-11,,,,Cross Turismo
ce837502def244c4aea720502c953f7c,032084be6fe24ac5822788aa0dfda65109a1584f80744c7c7a1b43a696fc334f,porsche,911,2026-08-11,2019,,,Carrera 4S Cabriolet
d199f12bb1124733b27e16aa5589a43b,6f3c37925645fc6f1f8a61af8e0441e68c5c58df6b678ec950d70c60d35b8e01,porsche,718,2026-08-11,2020,,,Spyder
ddce606aeef74ae485cbfebc4e34add2,37cf567cc9504715c95389879e990204897951e0255f581cd1a6b2df95f3fb52,porsche,macan,2026-08-11,,,,
e3223ce627e54f8eb4ae7520b0e6c49a,3445612ea51e4510b3da05291ab3c945e9253481ddcaf3e32e3b8e790e894712,porsche,panamera,2026-08-11,,,,Turbo
e3465539677d4aeea9b4c017ddffaf7d,c430fa46f741de4a2ff1adf645d2ebbd2c9fbd9b40c38b8746ba7200568ec8b8,porsche,911,2026-08-11,1977,,,Turbo 3.3
e738eae819c34d19a31dd066c45e0f3d,e1cf7d3e04aaaf27cfec6363de5f6427b87c997993f9de0f54ec5549b68b8f96,porsche,unknown,2026-08-11,,,,GT3 RS
e85725e652ff464bb4b71e760387daf2,42fde926f99d7cf40f5f22b7f285ca47505ac7fca509a2da8ffba27d0604125a,porsche,959,2026-08-11,,,,
ed07dfc50f8146aea10143232657c061,2422cf2145addd0062bcd328e4d02abd446de6291e220b1e670c56827ba17e8c,porsche,718-cayman,2026-08-11,2018,,,GTS
ee69c474a1cc4085944cde4cb7ae87db,fb518de2cd7e3731726851511ebb57a015a40bb1e479bcce347a33bf8fec47d0,porsche,911,2026-08-11,2020,,,C4S
ef7934a1eb8d408785df77d554905b32,03caf1d8ffcecba1ac0048397bbe6bd80e6c29555d46ee300baf85e65b641c26,porsche,911,2026-08-11,,,,
f0270f8ae1db4d7b909417e07492043a,d100e170835fb2f099a168bed1896d22908fefd6006b0dfb541729d14cd1e394,porsche,macan,2026-08-11,2022,,,
f17a982d5d8a4d97baef4b00b51a4e9a,47a8fe187d3e1582454b679b6b6801778f51e8e7ab95848a2b7850618816fe56,porsche,911,2026-08-11,2023,,,GT3 RS
f2269fdf74f64257a3a9b0872eb9b2d8,4ba9d2833886905c7da7804f880d517088db9fc8f6afb32942b114fe16f4b826,porsche,panamera,2026-08-11,2021,,,Turbo S Sport Turismo
f39f7c539a3440428c22a3da2f52af43,1ac36e398a8ed8ddf012e369507a1c0139575d4253f9ef6f4d6e7f1f9b83052d,porsche,911,2026-08-11,2024,,,S/T
f472abb10e07442b80f46ade49a24d64,f0e11760859f6ecd41f6318f9897ff6b306b1ab1d9bb0c6a9db2c5cb4ec1c780,porsche,panamera,2026-08-11,2017,,,Turbo
fb282e1ac22041f892630a3f28f387f5,4d7357aeafb581c996df101f681b299792d6b33703c19ecd3dc83f8ef0ea4f10,porsche,macan,2026-08-11,2022,,,GTS
fe160a2d7f8c49f193ad5227851e6372,23e102ba2f5fa8c2c6cfe82991e5e3a68af4265aa6e84aea9dbf41d80e20f0dd,porsche,911,2026-08-11,,,,Flatnose
fe573c66c5c64a1c82cfbd0162ccc7d5,4521a47d95c6975a40c05df70317450dbc519fdd460611c44ba8b33794a756f6,porsche,911,2026-08-11,,,,Turbo S
ff85d240ebf24eebbb6719c7b15634d8,a811751f45449593c52cdb644ee8c955a145501f4588ffcd0968d3b3f6b274d6,porsche,911,2026-08-11,,,,
