assetId,action,proposal
bmw-m5-f90-undated-v1,propose,saloon
lamborghini-urus-x-2017-2019-v1,propose,suv
bmw-m3-e30-undated-v1,propose,coupe
fiat-500-classic-v1,propose,hatchback
ferrari-308-v1,propose,coupe
polestar-2-v1,REVIEW (models disagree),
kia-ev6-2022-v1,propose,hatchback
citroen-c3-picasso-2017-w6-v1,propose,mpv
citroen-c4-lounge-2018-w6-v1,propose,saloon
byd-dolphin-2025-w6-v1,propose,hatchback
byd-dolphin-mini-2024-w6-v1,propose,hatchback
hyundai-kona-w6-v1,propose,suv
citroen-cactus-2015-w6-v1,REVIEW (models disagree),
genesis-g70-w6-v1,propose,saloon
fiat-bravo-2011-w6-v1,propose,hatchback
hyundai-kona-w6-v2,propose,suv
jaguar-xf-2014-w6-v1,propose,saloon
jaguar-xj-2010-w6-v1,propose,saloon
jeep-renegade-2021-w6-v1,propose,suv
kia-carnival-w6-v1,propose,mpv
kia-sportage-2011-w6-v1,propose,suv
kia-ev6-2022-w6-v1,REVIEW (models disagree),
kia-carnival-2022-w6-v1,propose,mpv
kia-picanto-w6-v1,propose,hatchback
kia-sportage-w6-v1,propose,suv
land-rover-defender-w6-v1,propose,pickup
land-rover-defender-2021-w6-v1,propose,suv
land-rover-range-rover-evoque-2011-w6-v1,propose,suv
lexus-es-hybrid-w6-v1,propose,saloon
mazda-3-2003-w6-v1,propose,saloon
mazda-3-2011-w6-v1,propose,saloon
mazda-mx-5-w6-v1,propose,convertible
mitsubishi-i-miev-2010-w6-v1,propose,hatchback
opel-astra-1991-w6-v1,propose,hatchback
nissan-juke-w6-v1,propose,suv
renault-koleos-2008-w7-v1,propose,suv
renault-austral-2022-w7-v1,propose,suv
peugeot-308-2012-w7-v1,propose,estate
renault-m-gane-grand-tour-2006-w7-v1,propose,estate
mitsubishi-eclipse-cross-w7-v1,propose,suv
lexus-rx450h-2023-w7-v1,propose,suv
volkswagen-polo-w7-v1,propose,hatchback
mazda-cx-5-2017-w7-v1,propose,suv
mercedes-benz-s600-1999-w7-v1,propose,saloon
polestar-2-w7-v1,REVIEW (models disagree),
tesla-model-3-w7-v2,propose,saloon
tesla-model-3-2024-w7-v1,propose,saloon
renault-clio-2020-w7-v1,propose,hatchback
toyota-corolla-w7-v1,propose,saloon
dacia-lodgy-2024-w7-v1,REVIEW (models disagree),
lexus-ls-2018-w7-v1,propose,saloon
tesla-model-y-2021-w7-v1,propose,suv
skoda-fabia-w7-v1,propose,hatchback
kia-picanto-2012-w7-v1,propose,hatchback
opel-astra-1998-w7-v1,propose,saloon
kia-sportage-2018-w7-v1,propose,suv
volvo-xc60-2023-w7-v1,propose,suv
subaru-outback-2022-w7-v1,REVIEW (models disagree),
lexus-nx-2017-w7-v1,propose,suv
renault-clio-2023-w7-v1,propose,hatchback
tesla-model-3-w7-v3,propose,saloon
kia-niro-hybrid-2020-w7-v1,propose,suv
renault-clio-2010-w7-v1,propose,hatchback
land-rover-defender-2021-w7-v1,propose,suv
mitsubishi-galant-w7-v1,propose,saloon
mini-cooper-w7-v1,propose,hatchback
ford-focus-2012-w7-v1,propose,hatchback
skoda-fabia-2011-w7-v1,propose,estate
mercedes-benz-sprinter-w7-v1,propose,van
mini-cooper-s-2011-w7-v1,propose,hatchback
peugeot-308-2012-w7-v2,propose,coupe
land-rover-defender-w7-v1,propose,pickup
hyundai-santa-fe-w7-v1,propose,suv
jeep-wrangler-1997-w8-v1,propose,suv
renault-clio-w8-v1,propose,hatchback
volkswagen-vw-beetle-w7-v1,propose,coupe
ford-ranger-w7-v1,propose,pickup
volkswagen-fox-2004-vw1-v1,propose,hatchback
ford-focus-2006-w12-v1,REVIEW (models disagree),
mercedes-benz-eqe-w8-v1,REVIEW (models disagree),
volkswagen-sharan-vw1-v1,propose,mpv
volkswagen-new-beetle-2006-vw2-v1,REVIEW (models disagree),
volkswagen-golf-2017-vw2-v1,propose,hatchback
volkswagen-golf-gti-2025-vw2-v1,propose,hatchback
volkswagen-golf-gti-vw2-v1,propose,hatchback
volkswagen-jetta-2010-vw2-v1,propose,saloon
volkswagen-golf-r-2019-vw2-v1,propose,hatchback
volkswagen-id-buzz-2021-vw2-v1,REVIEW (models disagree),
volkswagen-golf-gti-2021-vw2-v1,propose,hatchback
volkswagen-jetta-2019-vw2-v1,propose,saloon
volkswagen-scirocco-r-2015-vw2-v1,propose,hatchback
volkswagen-polo-gti-2011-vw2-v1,propose,hatchback
volkswagen-polo-gti-2023-vw2-v1,propose,hatchback
volkswagen-t-cross-vw2-v1,propose,suv
volkswagen-tiguan-2020-vw2-v1,propose,suv
land-rover-range-rover-sport-2015-rr1-v1,propose,suv
volkswagen-transporter-2003-vw2-v1,propose,van
land-rover-range-rover-sport-2018-rr1-v1,propose,suv
seat-toledo-2004-st1-v1,propose,hatchback
land-rover-range-rover-sport-2023-rr1-v1,propose,suv
bmw-isetta-1956-bm3-v1,propose,convertible
fiat-500-2010-fw1-v1,propose,hatchback
fiat-124-1966-fw1-v1,propose,saloon
fiat-124-1972-fw1-v1,propose,saloon
fiat-125-1970-fw1-v1,propose,saloon
fiat-126-fw1-v1,propose,hatchback
fiat-132-fw1-v1,propose,saloon
fiat-133-fw1-v1,propose,hatchback
fiat-2300-1961-fw1-v1,propose,coupe
fiat-500-fw1-v1,REVIEW (models disagree),
fiat-500-1970-fw1-v1,propose,hatchback
fiat-600-1967-fw1-v1,propose,van
fiat-600-1960-fw1-v1,propose,coupe
fiat-500-fw1-v2,propose,hatchback
fiat-850-fw1-v1,propose,coupe
fiat-linea-fw1-v1,propose,saloon
fiat-barchetta-1995-fw1-v1,propose,convertible
fiat-850-spider-fw1-v1,propose,convertible
fiat-linea-fw1-v2,propose,saloon
fiat-regata-1984-fw1-v1,propose,estate
fiat-punto-fw1-v1,propose,hatchback
fiat-panda-fw1-v2,propose,hatchback
fiat-punto-2009-fw1-v1,propose,hatchback
fiat-tempra-1990-fw1-v1,propose,saloon
fiat-850-spring-1968-fw1-v1,propose,convertible
fiat-tipo-fw1-v1,propose,saloon
fiat-toro-fw1-v1,propose,pickup
fiat-147-fw1-v2,propose,hatchback
fiat-x1-9-fw1-v1,REVIEW (models disagree),
fiat-ducato-fw1-v1,propose,van
ford-gt40-1964-fow1-v1,propose,coupe
ford-consul-capri-fow1-v1,propose,coupe
ford-transit-courier-2025-fow1-v1,propose,van
renault-estafette-rew1-v1,propose,pickup
ford-focus-2016-fow1-v1,propose,hatchback
renault-8-gordini-rew1-v1,propose,saloon
land-rover-range-rover-law1-v1,propose,suv
land-rover-range-rover-law1-v2,propose,suv
land-rover-discovery-2022-law1-v1,propose,suv
land-rover-range-rover-sport-2023-law1-v1,propose,suv
land-rover-range-rover-sport-2023-law1-v2,propose,suv
land-rover-range-rover-2022-law1-v1,propose,suv
land-rover-range-rover-2008-law1-v1,propose,suv
renault-scenic-1998-rew1-v1,propose,mpv
land-rover-discovery-2018-law1-v1,propose,suv
nissan-gt-r-nw1-v1,propose,coupe
land-rover-range-rover-evoque-2016-law1-v1,propose,suv
nissan-skyline-1977-nw1-v1,propose,coupe
nissan-gt-r50-nw1-v1,propose,coupe
nissan-gt-r-2002-nw1-v1,propose,coupe
nissan-fairlady-z-1978-nw1-v1,propose,coupe
nissan-gt-r-2018-nw1-v1,propose,coupe
nissan-gt-r-1999-nw1-v1,propose,coupe
nissan-stagea-2002-nw1-v1,propose,estate
nissan-370z-2020-nw1-v1,propose,coupe
nissan-gt-r-nismo-2024-nw1-v1,propose,coupe
nissan-skyline-1964-nw1-v1,propose,saloon
nissan-gt-r-nw1-v2,propose,coupe
nissan-cube-nw1-v1,REVIEW (models disagree),
nissan-silvia-nw1-v1,propose,coupe
nissan-tiida-2017-nw1-v1,propose,hatchback
nissan-gt-r-2017-nw1-v1,propose,coupe
nissan-terrano-1993-nw1-v1,propose,suv
nissan-president-1965-nw1-v1,propose,saloon
nissan-president-1998-nw1-v1,propose,saloon
nissan-gt-r-2017-nw1-v2,propose,coupe
nissan-primera-1990-nw1-v1,propose,saloon
nissan-murano-2015-nw1-v1,propose,suv
nissan-gt-r-nw1-v4,propose,coupe
nissan-gt-r-nw1-v3,propose,coupe
nissan-altima-2023-nw1-v1,propose,saloon
nissan-cefiro-nw1-v1,propose,saloon
nissan-sylphy-2018-nw1-v1,propose,saloon
nissan-gt-r-nw1-v5,propose,coupe
nissan-gt-r-2023-nw1-v1,propose,coupe
nissan-gt-r-nw1-v6,propose,coupe
nissan-gt-r-2005-nw1-v1,propose,coupe
nissan-elgrand-2006-nw1-v1,propose,van
nissan-president-2003-nw1-v1,propose,saloon
nissan-gt-r-nw1-v7,propose,coupe
nissan-titan-2024-nw1-v1,propose,pickup
nissan-gt-r-2021-nw1-v1,propose,coupe
nissan-micra-1982-nw1-v1,propose,hatchback
nissan-sentra-nw1-v1,propose,saloon
nissan-pathfinder-nw1-v1,propose,suv
nissan-370z-2018-nw1-v1,propose,coupe
nissan-gt-r-nismo-2017-nw1-v1,propose,coupe
nissan-cefiro-nw1-v2,propose,saloon
nissan-300zx-nw1-v1,propose,coupe
nissan-altima-2024-nw1-v1,propose,saloon
nissan-sylphy-2024-nw1-v1,propose,saloon
nissan-patrol-1987-nw1-v1,propose,suv
nissan-pathfinder-2024-nw1-v1,propose,suv
nissan-cefiro-nw1-v3,propose,saloon
nissan-sentra-2021-nw1-v1,propose,saloon
nissan-kicks-2021-nw1-v1,propose,suv
nissan-silvia-1990-nw1-v1,propose,coupe
nissan-gt-r-nw1-v9,propose,coupe
nissan-gt-r-nismo-nw1-v1,propose,coupe
nissan-gt-r-nw1-v8,propose,coupe
nissan-kicks-2019-nw1-v1,propose,suv
nissan-juke-nw1-v1,propose,suv
nissan-gt-r-nw1-v10,propose,coupe
nissan-skyline-nw1-v2,propose,coupe
nissan-sentra-2021-nw1-v2,propose,saloon
nissan-silvia-1999-nw1-v1,propose,coupe
nissan-gt-r50-2021-nw1-v1,propose,coupe
nissan-gt-r-1989-nw1-v1,propose,coupe
nissan-gt-r-2002-nw1-v2,propose,coupe
nissan-370z-nw1-v1,propose,coupe
nissan-datsun-nw1-v1,propose,pickup
nissan-gt-r-1997-nw1-v1,propose,coupe
nissan-altima-2019-nw1-v1,propose,saloon
nissan-patrol-safari-nw1-v1,propose,suv
nissan-juke-2015-nw1-v1,REVIEW (models disagree),
nissan-sentra-2018-nw1-v1,propose,saloon
nissan-cube-2010-nw1-v1,REVIEW (models disagree),
nissan-gt-r-1989-nw1-v2,propose,coupe
nissan-micra-nw1-v1,propose,hatchback
nissan-frontier-2022-nw1-v1,propose,pickup
nissan-300zx-1984-nw1-v1,propose,coupe
nissan-gt-r-1995-nw1-v1,propose,coupe
nissan-300zx-nw1-v2,propose,coupe
nissan-370z-2013-nw1-v1,propose,coupe
nissan-silvia-nw1-v2,propose,coupe
nissan-skyline-nw1-v3,propose,estate
nissan-silvia-nw1-v3,propose,coupe
nissan-altima-2007-nw1-v1,propose,saloon
nissan-gt-r-2017-nw1-v3,propose,coupe
nissan-gt-r-1999-nw1-v2,propose,coupe
nissan-silvia-1998-nw1-v1,propose,coupe
nissan-gt-r-nismo-2017-nw1-v2,propose,coupe
nissan-gt-r-2013-nw1-v1,propose,coupe
nissan-gt-r-nismo-2017-nw1-v3,propose,coupe
nissan-370z-2015-nw1-v1,propose,coupe
byd-song-plus-2022-bw1-v1,propose,suv
nissan-fairlady-z-1972-nw1-v1,propose,coupe
nissan-370z-2018-nw1-v2,propose,coupe
byd-atto-2-2024-bw1-v1,propose,suv
byd-han-2023-bw1-v1,propose,saloon
byd-m6-2024-bw1-v1,propose,mpv
byd-seagull-2024-bw1-v1,propose,hatchback
byd-dolphin-2021-bw1-v1,propose,hatchback
byd-seal-5-2025-bw1-v1,propose,saloon
byd-seal-6-2025-bw1-v1,propose,estate
byd-seal-u-2024-bw1-v2,propose,suv
byd-seal-u-2024-bw1-v1,propose,suv
byd-sealion-7-2024-bw1-v1,propose,suv
byd-tang-2024-bw1-v1,propose,suv
byd-yangwang-u8-2023-bw1-v1,propose,suv
byd-atto-3-2024-bw1-v1,propose,suv
byd-seal-06-2024-bw1-v1,REVIEW (models disagree),
byd-dolphin-2024-bw1-v1,propose,hatchback
byd-han-2022-bw1-v1,propose,saloon
byd-yangwang-u9-2024-bw1-v1,propose,coupe
hyundai-grand-i10-nios-hyw1-v1,propose,hatchback
hyundai-ix55-veracruz-2011-hyw1-v1,propose,suv
byd-yangwang-u7-2024-bw1-v1,REVIEW (models disagree),
hyundai-accent-2013-hyw1-v1,propose,saloon
hyundai-getz-2006-hyw1-v1,propose,hatchback
hyundai-i20-2010-hyw1-v1,propose,hatchback
hyundai-tucson-plug-in-hybrid-2025-hyw1-v1,propose,suv
hyundai-veloster-n-2022-hyw1-v1,propose,hatchback
hyundai-tucson-l-turbo-hybrid-2025-hyw1-v1,propose,suv
hyundai-creta-2023-hyw1-v1,propose,suv
hyundai-ioniq-5-n-2024-hyw1-v1,propose,hatchback
hyundai-elantra-n-2024-hyw1-v1,propose,saloon
hyundai-kona-2019-hyw1-v1,propose,suv
hyundai-encino-ev-2021-hyw1-v1,propose,suv
hyundai-elantra-n-2021-hyw1-v1,propose,saloon
hyundai-sonata-hybrid-2017-hyw1-v1,propose,saloon
hyundai-veloster-turbo-2013-hyw1-v1,propose,hatchback
hyundai-ix25-creta-2020-hyw1-v1,propose,suv
hyundai-tiburon-2003-hyw1-v1,propose,coupe
subaru-brz-sbw1-v1,propose,coupe
subaru-ascent-2019-sbw1-v1,propose,suv
subaru-brz-2024-sbw1-v1,propose,coupe
subaru-brz-2023-sbw1-v1,propose,coupe
subaru-impreza-wrx-2022-sbw1-v1,propose,saloon
subaru-brz-2020-sbw1-v1,propose,coupe
subaru-impreza-wrx-sti-2018-sbw1-v1,propose,saloon
subaru-legacy-2010-sbw1-v1,propose,saloon
subaru-wrx-wagon-sbw1-v1,propose,estate
subaru-impreza-wrx-sti-sbw1-v1,REVIEW (models disagree),
subaru-forester-2009-sbw1-v1,propose,suv
subaru-brz-2013-sbw1-v1,propose,coupe
subaru-impreza-wrx-sti-2006-sbw1-v1,propose,saloon
subaru-impreza-22b-sti-1998-sbw1-v1,propose,coupe
porsche-911-2021-pw2-v1,REVIEW (models disagree),
porsche-cayman-2014-pw2-v1,propose,coupe
subaru-legacy-wagon-sbw1-v1,propose,estate
porsche-911-2018-pw2-v1,propose,coupe
porsche-959-pw2-v1,propose,coupe
porsche-911-pw2-v1,propose,coupe
porsche-cayenne-2009-pw2-v1,propose,suv
porsche-911-2021-pw2-v2,propose,convertible
porsche-boxster-2010-pw2-v1,propose,convertible
porsche-911-2014-pw2-v1,propose,coupe
porsche-macan-2020-pw2-v1,propose,suv
porsche-911-2025-pw2-v1,propose,coupe
porsche-911-2019-pw2-v1,propose,coupe
porsche-718-2020-pw2-v1,propose,convertible
porsche-911-2014-pw2-v2,propose,coupe
porsche-taycan-pw2-v1,propose,saloon
porsche-911-1992-pw2-v1,propose,coupe
porsche-911-2017-pw2-v1,propose,coupe
porsche-718-cayman-2020-pw2-v1,propose,coupe
porsche-cayman-pw2-v1,propose,coupe
porsche-718-2024-pw2-v1,propose,convertible
porsche-911-1995-pw2-v1,propose,coupe
porsche-911-1994-pw2-v1,propose,coupe
porsche-911-pw2-v2,propose,coupe
porsche-911-2018-pw2-v2,propose,coupe
porsche-911-1989-pw2-v1,propose,coupe
porsche-911-2022-pw2-v1,propose,coupe
porsche-718-boxster-2017-pw2-v1,propose,convertible
porsche-911-pw2-v3,propose,coupe
porsche-cayenne-2020-pw2-v1,propose,suv
porsche-911-2016-pw2-v1,propose,coupe
porsche-taycan-2025-pw2-v1,REVIEW (models disagree),
porsche-911-pw2-v5,REVIEW (models disagree),
porsche-911-pw2-v4,propose,coupe
porsche-944-1991-pw2-v1,propose,coupe
porsche-911-pw2-v6,propose,coupe
porsche-panamera-2019-pw2-v1,REVIEW (models disagree),
porsche-911-2019-pw2-v2,propose,convertible
porsche-930-pw2-v1,propose,coupe
porsche-718-boxster-2019-pw2-v1,propose,convertible
porsche-959-1987-pw2-v1,propose,coupe
porsche-914-6-pw2-v1,propose,convertible
porsche-911-pw2-v7,propose,coupe
porsche-911-pw2-v8,propose,coupe
porsche-boxster-2015-pw2-v1,propose,convertible
porsche-911-pw2-v9,propose,coupe
porsche-911-pw2-v10,propose,coupe
porsche-911-pw2-v11,propose,coupe
porsche-911-2015-pw2-v1,propose,coupe
porsche-911-2019-pw2-v3,REVIEW (models disagree),
porsche-911-pw2-v12,propose,coupe
porsche-panamera-2010-pw2-v1,propose,saloon
porsche-carrera-gt-pw2-v1,REVIEW (models disagree),
porsche-911-2019-pw2-v4,propose,coupe
porsche-911-2013-pw2-v1,propose,coupe
porsche-cayman-pw2-v2,propose,coupe
porsche-911-pw2-v13,propose,coupe
porsche-911-2019-pw2-v5,propose,coupe
porsche-911-pw2-v15,propose,coupe
porsche-911-pw2-v14,propose,coupe
porsche-993-1995-pw2-v1,propose,coupe
porsche-carrera-gt-2004-pw2-v1,REVIEW (models disagree),
porsche-panamera-pw2-v1,REVIEW (models disagree),
porsche-918-2015-pw2-v1,propose,coupe
porsche-911-2019-pw2-v6,propose,coupe
porsche-911-2022-pw2-v2,propose,coupe
porsche-911-1964-pw2-v1,propose,coupe
porsche-718-cayman-2022-pw2-v1,propose,coupe
porsche-macan-2022-pw2-v1,propose,suv
porsche-911-2017-pw2-v2,propose,coupe
porsche-911-2021-pw2-v3,propose,coupe
porsche-911-2025-pw2-v2,REVIEW (models disagree),
porsche-911-2022-pw2-v3,propose,coupe
porsche-cayenne-2010-pw2-v1,propose,suv
porsche-panamera-2010-pw2-v2,REVIEW (models disagree),
porsche-918-2015-pw2-v2,propose,convertible
porsche-cayman-2011-pw2-v1,propose,coupe
porsche-taycan-pw2-v2,propose,estate
porsche-911-2008-pw2-v1,propose,coupe
porsche-718-cayman-2017-pw2-v1,propose,coupe
porsche-911-2019-pw2-v7,propose,convertible
porsche-718-2020-pw2-v2,propose,convertible
porsche-macan-pw2-v1,propose,suv
porsche-911-1977-pw2-v1,propose,coupe
porsche-panamera-pw2-v2,REVIEW (models disagree),
porsche-959-pw2-v2,propose,coupe
porsche-unknown-pw2-v1,propose,coupe
porsche-718-cayman-2018-pw2-v1,propose,coupe
porsche-911-2020-pw2-v1,propose,coupe
porsche-911-pw2-v16,propose,coupe
porsche-macan-2022-pw2-v2,propose,suv
porsche-911-2023-pw2-v1,propose,coupe
porsche-panamera-2021-pw2-v1,propose,estate
porsche-911-2024-pw2-v1,propose,coupe
porsche-panamera-2017-pw2-v1,REVIEW (models disagree),
porsche-macan-2022-pw2-v3,propose,suv
porsche-911-pw2-v17,propose,coupe
porsche-911-pw2-v18,propose,coupe
porsche-911-pw2-v19,propose,coupe
lexus-gs-350-2011-lxw1-v1,propose,saloon
lexus-es350-f-sport-2021-lxw1-v1,propose,saloon
lexus-unknown-lxw1-v1,propose,saloon
lexus-is300-200-lxw1-v1,propose,saloon
lexus-gx-2024-lxw1-v1,propose,suv
lexus-gs-s130-1997-lxw1-v1,propose,saloon
lexus-gx-550-h-overtrail-2023-lxw1-v1,propose,suv
lexus-lc-2020-lxw1-v1,propose,coupe
lexus-lfa-2011-lxw1-v1,propose,coupe
lexus-lc-500-2017-lxw1-v1,propose,coupe
lexus-lfa-2010-lxw1-v1,propose,coupe
lexus-ls-mk2-1997-lxw1-v1,propose,saloon
lexus-lx-j100-2003-lxw1-v1,propose,suv
lexus-lx700h-2025-lxw1-v1,propose,suv
lexus-rc-f-usc10-lxw1-v1,propose,coupe
jaecoo-tiggo-8-pro-champion-edition-390t-awd-2023-jcw1-v1,propose,suv
jaecoo-tiggo-5x-jcw1-v1,propose,suv
jaecoo-tiggo-7-plus-290t-2023-jcw1-v1,propose,suv
jaecoo-omoda-5-2023-jcw1-v1,propose,suv
jaecoo-tiggo-9-awd-2023-jcw1-v1,propose,suv
jaecoo-jaecoo-j7-2025-jcw1-v1,propose,suv
jaecoo-tiggo-8-pro-e-2022-jcw1-v1,propose,suv
jaecoo-arrizo-8-290t-2023-jcw1-v1,propose,saloon
jaecoo-tiggo-2-pro-2024-jcw1-v1,propose,suv
porsche-911-2000-pw2-v1,propose,coupe
jaguar-e-type-1963-jgw1-v1,propose,coupe
jaguar-f-type-jgw1-v2,propose,convertible
jaguar-e-type-1971-jgw1-v1,propose,convertible
jaguar-f-type-jgw1-v1,propose,convertible
jaguar-f-type-jgw1-v3,propose,coupe
jaguar-f-type-2017-jgw1-v1,propose,convertible
jaguar-f-type-2016-jgw1-v1,propose,convertible
jaguar-f-type-2018-jgw1-v1,propose,coupe
jaguar-f-type-2019-jgw1-v1,propose,convertible
jaguar-i-pace-jgw1-v1,propose,suv
jaguar-f-type-2021-jgw1-v1,propose,convertible
jaguar-xf-jgw1-v1,propose,saloon
jaguar-xe-2018-jgw1-v1,propose,saloon
jaguar-mk2-1962-jgw1-v1,propose,saloon
jaguar-xfr-s-jgw1-v1,propose,estate
jaguar-xj-2015-jgw1-v1,propose,saloon
jaguar-xkr-s-2014-jgw1-v1,propose,coupe
jaguar-xkr-2010-jgw1-v1,propose,coupe
jaguar-xj220-1992-jgw1-v1,propose,coupe
jeep-grand-cherokee-jpw1-v1,propose,suv
jeep-grand-cherokee-2018-jpw1-v1,propose,suv
jeep-cherokee-2000-jpw1-v1,propose,suv
jeep-cherokee-2019-jpw1-v1,propose,suv
jeep-grand-cherokee-jpw1-v2,propose,suv
jeep-wrangler-jpw1-v1,propose,suv
jeep-wrangler-2023-jpw1-v1,propose,suv
jeep-wrangler-jpw1-v2,propose,suv
jeep-wrangler-2007-jpw1-v1,REVIEW (models disagree),
jeep-gladiator-1962-jpw1-v1,propose,pickup
jeep-wagoneer-1978-jpw1-v1,REVIEW (models disagree),
jeep-grand-commander-2021-jpw1-v1,propose,suv
jeep-gladiator-2020-jpw1-v1,propose,pickup
chrysler-pt-cruiser-2005-crw1-v1,propose,hatchback
chrysler-300c-crw1-v1,propose,saloon
chrysler-pacifica-2021-crw1-v1,propose,mpv
volvo-v60-vow1-v1,propose,estate
chrysler-pacifica-2008-crw1-v1,REVIEW (models disagree),
volvo-v40-2018-vow1-v1,propose,hatchback
volvo-c30-vow1-v1,propose,hatchback
volvo-v50-vow1-v1,propose,estate
volvo-c70-2000-vow1-v1,propose,coupe
volvo-pv4-vow1-v1,propose,saloon
mazda-323-1978-mzw1-v1,propose,hatchback
mazda-323-mzw1-v1,propose,saloon
volvo-740-vow1-v1,propose,saloon
volvo-240-vow1-v1,propose,saloon
mazda-626-1997-mzw1-v1,propose,saloon
mazda-cx-8-2020-mzw1-v1,propose,suv
mazda-mpv-2002-mzw1-v1,propose,mpv
mazda-cx-5-2020-mzw1-v1,propose,suv
mazda-mx-5-2009-mzw1-v1,propose,convertible
mazda-mx-3-mzw1-v1,propose,coupe
mazda-mx-5-1998-mzw1-v1,REVIEW (models disagree),
mazda-mx-5-1989-mzw1-v1,propose,convertible
mazda-mx-6-1992-mzw1-v1,propose,coupe
mazda-mazda-2-2011-mzw1-v1,propose,hatchback
mazda-mazda-3-mzw1-v1,propose,hatchback
mazda-mazda-3-2003-mzw1-v1,propose,hatchback
mazda-mazda-3-2007-mzw1-v1,propose,hatchback
mazda-mazda-3-2003-mzw1-v2,propose,saloon
mazda-mazda-3-2005-mzw1-v1,propose,saloon
mazda-mazda-3-2010-mzw1-v1,propose,hatchback
mazda-mazda-3-2020-mzw1-v2,propose,hatchback
mazda-mazda-3-2011-mzw1-v1,propose,saloon
mazda-mazda-3-2020-mzw1-v1,propose,hatchback
mazda-mazda-6-mzw1-v1,propose,saloon
mazda-mazda-6-2002-mzw1-v1,propose,saloon
mazda-mazda-6-mzw1-v2,propose,saloon
mazda-rx-7-1985-mzw1-v1,propose,coupe
mazda-rx-7-1999-mzw1-v1,propose,coupe
mazda-rx-8-2011-mzw1-v1,propose,coupe
mazda-xedos-6-1992-mzw1-v1,propose,saloon
nissan-juke-2023-cr1-v1,propose,suv
ford-fiesta-st-2019-fo1-v1,propose,hatchback
vauxhall-astra-2022-cr1-v1,propose,hatchback
hyundai-tucson-2022-ht1-v1,propose,suv
kia-sportage-2023-m1-v1,propose,suv
toyota-rav4-2021-cr4-v1,propose,suv
skoda-octavia-2025-m1-v1,propose,saloon
kia-picanto-2024-m1-v1,propose,hatchback
mg-zs-2025-m1-v1,propose,suv
mg-mg4-2025-m1-v1,propose,hatchback
ford-mondeo-2021-cr3-v1,propose,estate
mg-mg3-2025-m1-v1,propose,hatchback
polestar-2-v1,propose,hatchback
citroen-cactus-2015-w6-v1,propose,hatchback
kia-ev6-2022-w6-v1,awaiting owner,suv
polestar-2-w7-v1,propose,hatchback
dacia-lodgy-2024-w7-v1,propose,mpv
subaru-outback-2022-w7-v1,awaiting owner,estate
ford-focus-2006-w12-v1,propose,hatchback
mercedes-benz-eqe-w8-v1,propose,saloon
volkswagen-new-beetle-2006-vw2-v1,propose,hatchback
volkswagen-id-buzz-2021-vw2-v1,propose,mpv
fiat-500-fw1-v1,awaiting owner,coupe
fiat-x1-9-fw1-v1,awaiting owner,convertible
nissan-cube-nw1-v1,awaiting owner,mpv
nissan-juke-2015-nw1-v1,propose,suv
nissan-cube-2010-nw1-v1,awaiting owner,mpv
byd-seal-06-2024-bw1-v1,awaiting owner,suv
byd-yangwang-u7-2024-bw1-v1,propose,saloon
subaru-impreza-wrx-sti-sbw1-v1,propose,saloon
porsche-911-2021-pw2-v1,awaiting owner,coupe
porsche-taycan-2025-pw2-v1,propose,saloon
porsche-911-pw2-v5,propose,convertible
porsche-panamera-2019-pw2-v1,propose,hatchback
porsche-911-2019-pw2-v3,propose,convertible
porsche-carrera-gt-pw2-v1,propose,convertible
porsche-carrera-gt-2004-pw2-v1,propose,convertible
porsche-panamera-pw2-v1,propose,hatchback
porsche-911-2025-pw2-v2,propose,convertible
porsche-panamera-2010-pw2-v2,propose,hatchback
porsche-panamera-pw2-v2,propose,hatchback
porsche-panamera-2017-pw2-v1,propose,hatchback
jeep-wrangler-2007-jpw1-v1,propose,suv
jeep-wagoneer-1978-jpw1-v1,awaiting owner,suv
chrysler-pacifica-2008-crw1-v1,awaiting owner,estate
mazda-mx-5-1998-mzw1-v1,propose,convertible
