assetId,qwen,gemini,my_call,confidence,why,action,proposal,posterUrl
polestar-2-v1,saloon,hatchback,hatchback,high,fastback with a tailgate (liftback); UK-registered as a hatchback,propose,hatchback,https://tfkvthprsntexrcuqpyd.supabase.co/storage/v1/object/public/car-renders/finished/polestar/polestar-2-v1/hero.jpg
citroen-cactus-2015-w6-v1,hatchback,suv,hatchback,high,C4 Cactus is sold and registered as a hatchback,propose,hatchback,https://tfkvthprsntexrcuqpyd.supabase.co/storage/v1/object/public/car-renders/finished/citroen/citroen-cactus-2015-w6-v1/hero.jpg
kia-ev6-2022-w6-v1,hatchback,suv,suv,medium,crossover; Kia markets it as a crossover SUV,propose,suv,https://tfkvthprsntexrcuqpyd.supabase.co/storage/v1/object/public/car-renders/finished/kia/kia-ev6-2022-w6-v1/hero.jpg
polestar-2-w7-v1,saloon,hatchback,hatchback,high,same car as polestar-2-v1,propose,hatchback,https://tfkvthprsntexrcuqpyd.supabase.co/storage/v1/object/public/car-renders/finished/polestar/polestar-2-w7-v1/hero.jpg
dacia-lodgy-2024-w7-v1,mpv,suv,mpv,high,seven-seat people carrier,propose,mpv,https://tfkvthprsntexrcuqpyd.supabase.co/storage/v1/object/public/car-renders/finished/dacia/dacia-lodgy-2024-w7-v1/hero.jpg
subaru-outback-2022-w7-v1,estate,suv,estate,medium,raised estate; Subaru calls it an estate in the UK,propose,estate,https://tfkvthprsntexrcuqpyd.supabase.co/storage/v1/object/public/car-renders/finished/subaru/subaru-outback-2022-w7-v1/hero.jpg
ford-focus-2006-w12-v1,coupe,hatchback,hatchback,high,Focus ST three-door hatchback,propose,hatchback,https://tfkvthprsntexrcuqpyd.supabase.co/storage/v1/object/public/car-renders/finished/ford/ford-focus-2006-w12-v1/hero.jpg
mercedes-benz-eqe-w8-v1,coupe,hatchback,saloon,high,EQE saloon; BOTH models were wrong (coupe / hatchback),propose,saloon,https://tfkvthprsntexrcuqpyd.supabase.co/storage/v1/object/public/car-renders/finished/mercedes-benz/mercedes-benz-eqe-w8-v1/hero.jpg
volkswagen-new-beetle-2006-vw2-v1,coupe,hatchback,hatchback,high,New Beetle is registered as a hatchback,propose,hatchback,https://tfkvthprsntexrcuqpyd.supabase.co/storage/v1/object/public/car-renders/finished/volkswagen/volkswagen-new-beetle-2006-vw2-v1/hero.jpg
volkswagen-id-buzz-2021-vw2-v1,mpv,van,mpv,high,"passenger ID. Buzz with side windows, not the Cargo van",propose,mpv,https://tfkvthprsntexrcuqpyd.supabase.co/storage/v1/object/public/car-renders/finished/volkswagen/volkswagen-id-buzz-2021-vw2-v1/hero.jpg
fiat-500-fw1-v1,convertible,coupe,coupe,low,"1930s Topolino with a fabric roll-back roof: coupe or convertible, your call",propose,coupe,https://tfkvthprsntexrcuqpyd.supabase.co/storage/v1/object/public/car-renders/finished/fiat/fiat-500-fw1-v1/hero.jpg
fiat-x1-9-fw1-v1,coupe,convertible,convertible,medium,targa-top two-seater,propose,convertible,https://tfkvthprsntexrcuqpyd.supabase.co/storage/v1/object/public/car-renders/finished/fiat/fiat-x1-9-fw1-v1/hero.jpg
nissan-cube-nw1-v1,mpv,hatchback,mpv,medium,tall box; Nissan sold it as a mini-MPV,propose,mpv,https://tfkvthprsntexrcuqpyd.supabase.co/storage/v1/object/public/car-renders/finished/nissan/nissan-cube-nw1-v1/hero.jpg
nissan-juke-2015-nw1-v1,hatchback,suv,suv,high,compact crossover,propose,suv,https://tfkvthprsntexrcuqpyd.supabase.co/storage/v1/object/public/car-renders/finished/nissan/nissan-juke-2015-nw1-v1/hero.jpg
nissan-cube-2010-nw1-v1,mpv,hatchback,mpv,medium,same as nissan-cube-nw1-v1,propose,mpv,https://tfkvthprsntexrcuqpyd.supabase.co/storage/v1/object/public/car-renders/finished/nissan/nissan-cube-2010-nw1-v1/hero.jpg
byd-seal-06-2024-bw1-v1,hatchback,suv,suv,low,"coupe-styled crossover; could equally be a hatchback, your call",propose,suv,https://tfkvthprsntexrcuqpyd.supabase.co/storage/v1/object/public/car-renders/finished/byd/byd-seal-06-2024-bw1-v1/hero.jpg
byd-yangwang-u7-2024-bw1-v1,saloon,coupe,saloon,high,four-door saloon,propose,saloon,https://tfkvthprsntexrcuqpyd.supabase.co/storage/v1/object/public/car-renders/finished/byd/byd-yangwang-u7-2024-bw1-v1/hero.jpg
subaru-impreza-wrx-sti-sbw1-v1,saloon,coupe,saloon,high,GC8 four-door saloon with boot,propose,saloon,https://tfkvthprsntexrcuqpyd.supabase.co/storage/v1/object/public/car-renders/finished/subaru/subaru-impreza-wrx-sti-sbw1-v1/hero.jpg
porsche-911-2021-pw2-v1,coupe,convertible,coupe,low,"dark roof could be a closed soft top; coupe or cabriolet, your call",propose,coupe,https://tfkvthprsntexrcuqpyd.supabase.co/storage/v1/object/public/car-renders/finished/porsche/porsche-911-2021-pw2-v1/hero.jpg
porsche-taycan-2025-pw2-v1,coupe,saloon,saloon,high,four-door saloon,propose,saloon,https://tfkvthprsntexrcuqpyd.supabase.co/storage/v1/object/public/car-renders/finished/porsche/porsche-taycan-2025-pw2-v1/hero.jpg
porsche-911-pw2-v5,coupe,convertible,convertible,high,Targa: roll hoop and open roof panel visible,propose,convertible,https://tfkvthprsntexrcuqpyd.supabase.co/storage/v1/object/public/car-renders/finished/porsche/porsche-911-pw2-v5/hero.jpg
porsche-panamera-2019-pw2-v1,saloon,hatchback,hatchback,high,Panamera is a fastback with a tailgate,propose,hatchback,https://tfkvthprsntexrcuqpyd.supabase.co/storage/v1/object/public/car-renders/finished/porsche/porsche-panamera-2019-pw2-v1/hero.jpg
porsche-911-2019-pw2-v3,coupe,convertible,convertible,high,Targa,propose,convertible,https://tfkvthprsntexrcuqpyd.supabase.co/storage/v1/object/public/car-renders/finished/porsche/porsche-911-2019-pw2-v3/hero.jpg
porsche-carrera-gt-pw2-v1,convertible,coupe,convertible,high,open roadster,propose,convertible,https://tfkvthprsntexrcuqpyd.supabase.co/storage/v1/object/public/car-renders/finished/porsche/porsche-carrera-gt-pw2-v1/hero.jpg
porsche-carrera-gt-2004-pw2-v1,convertible,coupe,convertible,high,open roadster,propose,convertible,https://tfkvthprsntexrcuqpyd.supabase.co/storage/v1/object/public/car-renders/finished/porsche/porsche-carrera-gt-2004-pw2-v1/hero.jpg
porsche-panamera-pw2-v1,saloon,hatchback,hatchback,high,fastback with a tailgate,propose,hatchback,https://tfkvthprsntexrcuqpyd.supabase.co/storage/v1/object/public/car-renders/finished/porsche/porsche-panamera-pw2-v1/hero.jpg
porsche-911-2025-pw2-v2,coupe,convertible,convertible,high,Targa,propose,convertible,https://tfkvthprsntexrcuqpyd.supabase.co/storage/v1/object/public/car-renders/finished/porsche/porsche-911-2025-pw2-v2/hero.jpg
porsche-panamera-2010-pw2-v2,estate,hatchback,hatchback,high,"first-gen fastback; BOTH models were wrong (estate / hatchback disagreed, estate is wrong: no Sport Turismo before 2017)",propose,hatchback,https://tfkvthprsntexrcuqpyd.supabase.co/storage/v1/object/public/car-renders/finished/porsche/porsche-panamera-2010-pw2-v2/hero.jpg
porsche-panamera-pw2-v2,saloon,hatchback,hatchback,high,fastback with a tailgate,propose,hatchback,https://tfkvthprsntexrcuqpyd.supabase.co/storage/v1/object/public/car-renders/finished/porsche/porsche-panamera-pw2-v2/hero.jpg
porsche-panamera-2017-pw2-v1,saloon,hatchback,hatchback,high,fastback with a tailgate,propose,hatchback,https://tfkvthprsntexrcuqpyd.supabase.co/storage/v1/object/public/car-renders/finished/porsche/porsche-panamera-2017-pw2-v1/hero.jpg
jeep-wrangler-2007-jpw1-v1,convertible,suv,suv,high,two-door Wrangler with the soft top off; an SUV,propose,suv,https://tfkvthprsntexrcuqpyd.supabase.co/storage/v1/object/public/car-renders/finished/jeep/jeep-wrangler-2007-jpw1-v1/hero.jpg
jeep-wagoneer-1978-jpw1-v1,estate,suv,suv,medium,full-size 4x4 wagon,propose,suv,https://tfkvthprsntexrcuqpyd.supabase.co/storage/v1/object/public/car-renders/finished/jeep/jeep-wagoneer-1978-jpw1-v1/hero.jpg
chrysler-pacifica-2008-crw1-v1,estate,suv,estate,low,"crossover wagon: estate, MPV or SUV, your call",propose,estate,https://tfkvthprsntexrcuqpyd.supabase.co/storage/v1/object/public/car-renders/finished/chrysler/chrysler-pacifica-2008-crw1-v1/hero.jpg
mazda-mx-5-1998-mzw1-v1,convertible,coupe,convertible,high,roadster,propose,convertible,https://tfkvthprsntexrcuqpyd.supabase.co/storage/v1/object/public/car-renders/finished/mazda/mazda-mx-5-1998-mzw1-v1/hero.jpg
