make,model,year,expected_min_um,expected_max_um,expected_avg_um,expected_avg_mils,oem_range_mils
Toyota,Corolla,2015,100.0,112.0,106.0,4.17,3.9-4.4
Toyota,Corolla,2016,99.6,111.6,105.6,4.16,3.9-4.4
Toyota,Corolla,2017,99.2,111.2,105.2,4.14,3.9-4.4
Toyota,Corolla,2018,98.8,110.8,104.8,4.13,3.9-4.4
Toyota,Corolla,2019,98.4,110.4,104.4,4.11,3.9-4.3
Toyota,Corolla,2020,98.0,110.0,104.0,4.09,3.9-4.3
Toyota,Corolla,2021,97.6,109.6,103.6,4.08,3.8-4.3
Toyota,Corolla,2022,97.2,109.2,103.2,4.06,3.8-4.3
Toyota,Corolla,2023,96.8,108.8,102.8,4.05,3.8-4.3
Toyota,Corolla,2024,96.4,108.4,102.4,4.03,3.8-4.3
Toyota,Corolla,2025,96.0,108.0,102.0,4.02,3.8-4.3
Toyota,Corolla,2026,95.6,107.6,101.6,4.0,3.8-4.2
Toyota,Camry,2015,110.0,130.0,120.0,4.72,4.3-5.1
Toyota,Camry,2016,109.6,129.6,119.6,4.71,4.3-5.1
Toyota,Camry,2017,109.2,129.2,119.2,4.69,4.3-5.1
Toyota,Camry,2018,108.8,128.8,118.8,4.68,4.3-5.1
Toyota,Camry,2019,108.4,128.4,118.4,4.66,4.3-5.1
Toyota,Camry,2020,108.0,128.0,118.0,4.65,4.3-5.0
Toyota,Camry,2021,107.6,127.6,117.6,4.63,4.2-5.0
Toyota,Camry,2022,107.2,127.2,117.2,4.61,4.2-5.0
Toyota,Camry,2023,106.8,126.8,116.8,4.6,4.2-5.0
Toyota,Camry,2024,106.4,126.4,116.4,4.58,4.2-5.0
Toyota,Camry,2025,106.0,126.0,116.0,4.57,4.2-5.0
Toyota,Camry,2026,105.6,125.6,115.6,4.55,4.2-4.9
Toyota,RAV4,2015,80.0,95.0,87.5,3.44,3.1-3.7
Toyota,RAV4,2016,79.6,94.6,87.1,3.43,3.1-3.7
Toyota,RAV4,2017,79.2,94.2,86.7,3.41,3.1-3.7
Toyota,RAV4,2018,78.8,93.8,86.3,3.4,3.1-3.7
Toyota,RAV4,2019,78.4,93.4,85.9,3.38,3.1-3.7
Toyota,RAV4,2020,78.0,93.0,85.5,3.37,3.1-3.7
Toyota,RAV4,2021,77.6,92.6,85.1,3.35,3.1-3.6
Toyota,RAV4,2022,77.2,92.2,84.7,3.33,3.0-3.6
Toyota,RAV4,2023,76.8,91.8,84.3,3.32,3.0-3.6
Toyota,RAV4,2024,76.4,91.4,83.9,3.3,3.0-3.6
Toyota,RAV4,2025,76.0,91.0,83.5,3.29,3.0-3.6
Toyota,RAV4,2026,75.6,90.6,83.1,3.27,3.0-3.6
Toyota,Prius,2015,80.0,90.0,85.0,3.35,3.1-3.5
Toyota,Prius,2016,79.6,89.6,84.6,3.33,3.1-3.5
Toyota,Prius,2017,79.2,89.2,84.2,3.31,3.1-3.5
Toyota,Prius,2018,78.8,88.8,83.8,3.3,3.1-3.5
Toyota,Prius,2019,78.4,88.4,83.4,3.28,3.1-3.5
Toyota,Prius,2020,78.0,88.0,83.0,3.27,3.1-3.5
Toyota,Prius,2021,77.6,87.6,82.6,3.25,3.1-3.4
Toyota,Prius,2022,77.2,87.2,82.2,3.24,3.0-3.4
Toyota,Prius,2023,76.8,86.8,81.8,3.22,3.0-3.4
Toyota,Prius,2024,76.4,86.4,81.4,3.2,3.0-3.4
Toyota,Prius,2025,76.0,86.0,81.0,3.19,3.0-3.4
Toyota,Prius,2026,75.6,85.6,80.6,3.17,3.0-3.4
Toyota,Highlander,2015,80.0,120.0,100.0,3.94,3.1-4.7
Toyota,Highlander,2016,79.6,119.6,99.6,3.92,3.1-4.7
Toyota,Highlander,2017,79.2,119.2,99.2,3.91,3.1-4.7
Toyota,Highlander,2018,78.8,118.8,98.8,3.89,3.1-4.7
Toyota,Highlander,2019,78.4,118.4,98.4,3.87,3.1-4.7
Toyota,Highlander,2020,78.0,118.0,98.0,3.86,3.1-4.6
Toyota,Highlander,2021,77.6,117.6,97.6,3.84,3.1-4.6
Toyota,Highlander,2022,77.2,117.2,97.2,3.83,3.0-4.6
Toyota,Highlander,2023,76.8,116.8,96.8,3.81,3.0-4.6
Toyota,Highlander,2024,76.4,116.4,96.4,3.8,3.0-4.6
Toyota,Highlander,2025,76.0,116.0,96.0,3.78,3.0-4.6
Toyota,Highlander,2026,75.6,115.6,95.6,3.76,3.0-4.6
Toyota,Land Cruiser,2015,110.0,130.0,120.0,4.72,4.3-5.1
Toyota,Land Cruiser,2016,109.6,129.6,119.6,4.71,4.3-5.1
Toyota,Land Cruiser,2017,109.2,129.2,119.2,4.69,4.3-5.1
Toyota,Land Cruiser,2018,108.8,128.8,118.8,4.68,4.3-5.1
Toyota,Land Cruiser,2019,108.4,128.4,118.4,4.66,4.3-5.1
Toyota,Land Cruiser,2020,108.0,128.0,118.0,4.65,4.3-5.0
Toyota,Land Cruiser,2021,107.6,127.6,117.6,4.63,4.2-5.0
Toyota,Land Cruiser,2022,107.2,127.2,117.2,4.61,4.2-5.0
Toyota,Land Cruiser,2023,106.8,126.8,116.8,4.6,4.2-5.0
Toyota,Land Cruiser,2024,106.4,126.4,116.4,4.58,4.2-5.0
Toyota,Land Cruiser,2025,106.0,126.0,116.0,4.57,4.2-5.0
Toyota,Land Cruiser,2026,105.6,125.6,115.6,4.55,4.2-4.9
Toyota,Tacoma,2015,90.0,115.0,102.5,4.04,3.5-4.5
Toyota,Tacoma,2016,89.6,114.6,102.1,4.02,3.5-4.5
Toyota,Tacoma,2017,89.2,114.2,101.7,4.0,3.5-4.5
Toyota,Tacoma,2018,88.8,113.8,101.3,3.99,3.5-4.5
Toyota,Tacoma,2019,88.4,113.4,100.9,3.97,3.5-4.5
Toyota,Tacoma,2020,88.0,113.0,100.5,3.96,3.5-4.4
Toyota,Tacoma,2021,87.6,112.6,100.1,3.94,3.4-4.4
Toyota,Tacoma,2022,87.2,112.2,99.7,3.93,3.4-4.4
Toyota,Tacoma,2023,86.8,111.8,99.3,3.91,3.4-4.4
Toyota,Tacoma,2024,86.4,111.4,98.9,3.89,3.4-4.4
Toyota,Tacoma,2025,86.0,111.0,98.5,3.88,3.4-4.4
Toyota,Tacoma,2026,85.6,110.6,98.1,3.86,3.4-4.4
Honda,Civic,2015,100.0,135.0,117.5,4.63,3.9-5.3
Honda,Civic,2016,99.6,134.6,117.1,4.61,3.9-5.3
Honda,Civic,2017,99.2,134.2,116.7,4.59,3.9-5.3
Honda,Civic,2018,98.8,133.8,116.3,4.58,3.9-5.3
Honda,Civic,2019,98.4,133.4,115.9,4.56,3.9-5.3
Honda,Civic,2020,98.0,133.0,115.5,4.55,3.9-5.2
Honda,Civic,2021,97.6,132.6,115.1,4.53,3.8-5.2
Honda,Civic,2022,97.2,132.2,114.7,4.52,3.8-5.2
Honda,Civic,2023,96.8,131.8,114.3,4.5,3.8-5.2
Honda,Civic,2024,96.4,131.4,113.9,4.48,3.8-5.2
Honda,Civic,2025,96.0,131.0,113.5,4.47,3.8-5.2
Honda,Civic,2026,95.6,130.6,113.1,4.45,3.8-5.1
Honda,Accord,2015,130.0,145.0,137.5,5.41,5.1-5.7
Honda,Accord,2016,129.6,144.6,137.1,5.4,5.1-5.7
Honda,Accord,2017,129.2,144.2,136.7,5.38,5.1-5.7
Honda,Accord,2018,128.8,143.8,136.3,5.37,5.1-5.7
Honda,Accord,2019,128.4,143.4,135.9,5.35,5.1-5.6
Honda,Accord,2020,128.0,143.0,135.5,5.33,5.0-5.6
Honda,Accord,2021,127.6,142.6,135.1,5.32,5.0-5.6
Honda,Accord,2022,127.2,142.2,134.7,5.3,5.0-5.6
Honda,Accord,2023,126.8,141.8,134.3,5.29,5.0-5.6
Honda,Accord,2024,126.4,141.4,133.9,5.27,5.0-5.6
Honda,Accord,2025,126.0,141.0,133.5,5.26,5.0-5.6
Honda,Accord,2026,125.6,140.6,133.1,5.24,4.9-5.5
Honda,CR-V,2015,87.0,98.0,92.5,3.64,3.4-3.9
Honda,CR-V,2016,86.6,97.6,92.1,3.63,3.4-3.8
Honda,CR-V,2017,86.2,97.2,91.7,3.61,3.4-3.8
Honda,CR-V,2018,85.8,96.8,91.3,3.59,3.4-3.8
Honda,CR-V,2019,85.4,96.4,90.9,3.58,3.4-3.8
Honda,CR-V,2020,85.0,96.0,90.5,3.56,3.3-3.8
Honda,CR-V,2021,84.6,95.6,90.1,3.55,3.3-3.8
Honda,CR-V,2022,84.2,95.2,89.7,3.53,3.3-3.7
Honda,CR-V,2023,83.8,94.8,89.3,3.52,3.3-3.7
Honda,CR-V,2024,83.4,94.4,88.9,3.5,3.3-3.7
Honda,CR-V,2025,83.0,94.0,88.5,3.48,3.3-3.7
Honda,CR-V,2026,82.6,93.6,88.1,3.47,3.3-3.7
Honda,Fit/Jazz,2015,87.0,98.0,92.5,3.64,3.4-3.9
Honda,Fit/Jazz,2016,86.6,97.6,92.1,3.63,3.4-3.8
Honda,Fit/Jazz,2017,86.2,97.2,91.7,3.61,3.4-3.8
Honda,Fit/Jazz,2018,85.8,96.8,91.3,3.59,3.4-3.8
Honda,Fit/Jazz,2019,85.4,96.4,90.9,3.58,3.4-3.8
Honda,Fit/Jazz,2020,85.0,96.0,90.5,3.56,3.3-3.8
Honda,Fit/Jazz,2021,84.6,95.6,90.1,3.55,3.3-3.8
Honda,Fit/Jazz,2022,84.2,95.2,89.7,3.53,3.3-3.7
Honda,Fit/Jazz,2023,83.8,94.8,89.3,3.52,3.3-3.7
Honda,Fit/Jazz,2024,83.4,94.4,88.9,3.5,3.3-3.7
Honda,Fit/Jazz,2025,83.0,94.0,88.5,3.48,3.3-3.7
Honda,Fit/Jazz,2026,82.6,93.6,88.1,3.47,3.3-3.7
Honda,HR-V,2015,85.0,100.0,92.5,3.64,3.3-3.9
Honda,HR-V,2016,84.6,99.6,92.1,3.63,3.3-3.9
Honda,HR-V,2017,84.2,99.2,91.7,3.61,3.3-3.9
Honda,HR-V,2018,83.8,98.8,91.3,3.59,3.3-3.9
Honda,HR-V,2019,83.4,98.4,90.9,3.58,3.3-3.9
Honda,HR-V,2020,83.0,98.0,90.5,3.56,3.3-3.9
Honda,HR-V,2021,82.6,97.6,90.1,3.55,3.3-3.8
Honda,HR-V,2022,82.2,97.2,89.7,3.53,3.2-3.8
Honda,HR-V,2023,81.8,96.8,89.3,3.52,3.2-3.8
Honda,HR-V,2024,81.4,96.4,88.9,3.5,3.2-3.8
Honda,HR-V,2025,81.0,96.0,88.5,3.48,3.2-3.8
Honda,HR-V,2026,80.6,95.6,88.1,3.47,3.2-3.8
Honda,Pilot,2015,95.0,115.0,105.0,4.13,3.7-4.5
Honda,Pilot,2016,94.6,114.6,104.6,4.12,3.7-4.5
Honda,Pilot,2017,94.2,114.2,104.2,4.1,3.7-4.5
Honda,Pilot,2018,93.8,113.8,103.8,4.09,3.7-4.5
Honda,Pilot,2019,93.4,113.4,103.4,4.07,3.7-4.5
Honda,Pilot,2020,93.0,113.0,103.0,4.06,3.7-4.4
Honda,Pilot,2021,92.6,112.6,102.6,4.04,3.6-4.4
Honda,Pilot,2022,92.2,112.2,102.2,4.02,3.6-4.4
Honda,Pilot,2023,91.8,111.8,101.8,4.01,3.6-4.4
Honda,Pilot,2024,91.4,111.4,101.4,3.99,3.6-4.4
Honda,Pilot,2025,91.0,111.0,101.0,3.98,3.6-4.4
Honda,Pilot,2026,90.6,110.6,100.6,3.96,3.6-4.4
Ford,Focus,2015,95.0,110.0,102.5,4.04,3.7-4.3
Ford,Focus,2016,94.6,109.6,102.1,4.02,3.7-4.3
Ford,Focus,2017,94.2,109.2,101.7,4.0,3.7-4.3
Ford,Focus,2018,93.8,108.8,101.3,3.99,3.7-4.3
Ford,Focus,2019,93.4,108.4,100.9,3.97,3.7-4.3
Ford,Focus,2020,93.0,108.0,100.5,3.96,3.7-4.3
Ford,Focus,2021,92.6,107.6,100.1,3.94,3.6-4.2
Ford,Focus,2022,92.2,107.2,99.7,3.93,3.6-4.2
Ford,Focus,2023,91.8,106.8,99.3,3.91,3.6-4.2
Ford,Focus,2024,91.4,106.4,98.9,3.89,3.6-4.2
Ford,Focus,2025,91.0,106.0,98.5,3.88,3.6-4.2
Ford,Focus,2026,90.6,105.6,98.1,3.86,3.6-4.2
Ford,F-150,2015,95.0,108.0,101.5,4.0,3.7-4.3
Ford,F-150,2016,94.6,107.6,101.1,3.98,3.7-4.2
Ford,F-150,2017,94.2,107.2,100.7,3.96,3.7-4.2
Ford,F-150,2018,93.8,106.8,100.3,3.95,3.7-4.2
Ford,F-150,2019,93.4,106.4,99.9,3.93,3.7-4.2
Ford,F-150,2020,93.0,106.0,99.5,3.92,3.7-4.2
Ford,F-150,2021,92.6,105.6,99.1,3.9,3.6-4.2
Ford,F-150,2022,92.2,105.2,98.7,3.89,3.6-4.1
Ford,F-150,2023,91.8,104.8,98.3,3.87,3.6-4.1
Ford,F-150,2024,91.4,104.4,97.9,3.85,3.6-4.1
Ford,F-150,2025,91.0,104.0,97.5,3.84,3.6-4.1
Ford,F-150,2026,90.6,103.6,97.1,3.82,3.6-4.1
Ford,Mustang,2015,95.0,110.0,102.5,4.04,3.7-4.3
Ford,Mustang,2016,94.6,109.6,102.1,4.02,3.7-4.3
Ford,Mustang,2017,94.2,109.2,101.7,4.0,3.7-4.3
Ford,Mustang,2018,93.8,108.8,101.3,3.99,3.7-4.3
Ford,Mustang,2019,93.4,108.4,100.9,3.97,3.7-4.3
Ford,Mustang,2020,93.0,108.0,100.5,3.96,3.7-4.3
Ford,Mustang,2021,92.6,107.6,100.1,3.94,3.6-4.2
Ford,Mustang,2022,92.2,107.2,99.7,3.93,3.6-4.2
Ford,Mustang,2023,91.8,106.8,99.3,3.91,3.6-4.2
Ford,Mustang,2024,91.4,106.4,98.9,3.89,3.6-4.2
Ford,Mustang,2025,91.0,106.0,98.5,3.88,3.6-4.2
Ford,Mustang,2026,90.6,105.6,98.1,3.86,3.6-4.2
Ford,Explorer,2015,95.0,110.0,102.5,4.04,3.7-4.3
Ford,Explorer,2016,94.6,109.6,102.1,4.02,3.7-4.3
Ford,Explorer,2017,94.2,109.2,101.7,4.0,3.7-4.3
Ford,Explorer,2018,93.8,108.8,101.3,3.99,3.7-4.3
Ford,Explorer,2019,93.4,108.4,100.9,3.97,3.7-4.3
Ford,Explorer,2020,93.0,108.0,100.5,3.96,3.7-4.3
Ford,Explorer,2021,92.6,107.6,100.1,3.94,3.6-4.2
Ford,Explorer,2022,92.2,107.2,99.7,3.93,3.6-4.2
Ford,Explorer,2023,91.8,106.8,99.3,3.91,3.6-4.2
Ford,Explorer,2024,91.4,106.4,98.9,3.89,3.6-4.2
Ford,Explorer,2025,91.0,106.0,98.5,3.88,3.6-4.2
Ford,Explorer,2026,90.6,105.6,98.1,3.86,3.6-4.2
Ford,Escape/Kuga,2015,95.0,110.0,102.5,4.04,3.7-4.3
Ford,Escape/Kuga,2016,94.6,109.6,102.1,4.02,3.7-4.3
Ford,Escape/Kuga,2017,94.2,109.2,101.7,4.0,3.7-4.3
Ford,Escape/Kuga,2018,93.8,108.8,101.3,3.99,3.7-4.3
Ford,Escape/Kuga,2019,93.4,108.4,100.9,3.97,3.7-4.3
Ford,Escape/Kuga,2020,93.0,108.0,100.5,3.96,3.7-4.3
Ford,Escape/Kuga,2021,92.6,107.6,100.1,3.94,3.6-4.2
Ford,Escape/Kuga,2022,92.2,107.2,99.7,3.93,3.6-4.2
Ford,Escape/Kuga,2023,91.8,106.8,99.3,3.91,3.6-4.2
Ford,Escape/Kuga,2024,91.4,106.4,98.9,3.89,3.6-4.2
Ford,Escape/Kuga,2025,91.0,106.0,98.5,3.88,3.6-4.2
Ford,Escape/Kuga,2026,90.6,105.6,98.1,3.86,3.6-4.2
Ford,Fusion/Mondeo,2015,95.0,110.0,102.5,4.04,3.7-4.3
Ford,Fusion/Mondeo,2016,94.6,109.6,102.1,4.02,3.7-4.3
Ford,Fusion/Mondeo,2017,94.2,109.2,101.7,4.0,3.7-4.3
Ford,Fusion/Mondeo,2018,93.8,108.8,101.3,3.99,3.7-4.3
Ford,Fusion/Mondeo,2019,93.4,108.4,100.9,3.97,3.7-4.3
Ford,Fusion/Mondeo,2020,93.0,108.0,100.5,3.96,3.7-4.3
Ford,Fusion/Mondeo,2021,92.6,107.6,100.1,3.94,3.6-4.2
Ford,Fusion/Mondeo,2022,92.2,107.2,99.7,3.93,3.6-4.2
Ford,Fusion/Mondeo,2023,91.8,106.8,99.3,3.91,3.6-4.2
Ford,Fusion/Mondeo,2024,91.4,106.4,98.9,3.89,3.6-4.2
Ford,Fusion/Mondeo,2025,91.0,106.0,98.5,3.88,3.6-4.2
Ford,Fusion/Mondeo,2026,90.6,105.6,98.1,3.86,3.6-4.2
Chevrolet,Silverado,2015,94.0,108.0,101.0,3.98,3.7-4.3
Chevrolet,Silverado,2016,93.6,107.6,100.6,3.96,3.7-4.2
Chevrolet,Silverado,2017,93.2,107.2,100.2,3.94,3.7-4.2
Chevrolet,Silverado,2018,92.8,106.8,99.8,3.93,3.7-4.2
Chevrolet,Silverado,2019,92.4,106.4,99.4,3.91,3.6-4.2
Chevrolet,Silverado,2020,92.0,106.0,99.0,3.9,3.6-4.2
Chevrolet,Silverado,2021,91.6,105.6,98.6,3.88,3.6-4.2
Chevrolet,Silverado,2022,91.2,105.2,98.2,3.87,3.6-4.1
Chevrolet,Silverado,2023,90.8,104.8,97.8,3.85,3.6-4.1
Chevrolet,Silverado,2024,90.4,104.4,97.4,3.83,3.6-4.1
Chevrolet,Silverado,2025,90.0,104.0,97.0,3.82,3.5-4.1
Chevrolet,Silverado,2026,89.6,103.6,96.6,3.8,3.5-4.1
Chevrolet,Malibu,2015,95.0,105.0,100.0,3.94,3.7-4.1
Chevrolet,Malibu,2016,94.6,104.6,99.6,3.92,3.7-4.1
Chevrolet,Malibu,2017,94.2,104.2,99.2,3.91,3.7-4.1
Chevrolet,Malibu,2018,93.8,103.8,98.8,3.89,3.7-4.1
Chevrolet,Malibu,2019,93.4,103.4,98.4,3.87,3.7-4.1
Chevrolet,Malibu,2020,93.0,103.0,98.0,3.86,3.7-4.1
Chevrolet,Malibu,2021,92.6,102.6,97.6,3.84,3.6-4.0
Chevrolet,Malibu,2022,92.2,102.2,97.2,3.83,3.6-4.0
Chevrolet,Malibu,2023,91.8,101.8,96.8,3.81,3.6-4.0
Chevrolet,Malibu,2024,91.4,101.4,96.4,3.8,3.6-4.0
Chevrolet,Malibu,2025,91.0,101.0,96.0,3.78,3.6-4.0
Chevrolet,Malibu,2026,90.6,100.6,95.6,3.76,3.6-4.0
Chevrolet,Equinox,2015,95.0,105.0,100.0,3.94,3.7-4.1
Chevrolet,Equinox,2016,94.6,104.6,99.6,3.92,3.7-4.1
Chevrolet,Equinox,2017,94.2,104.2,99.2,3.91,3.7-4.1
Chevrolet,Equinox,2018,93.8,103.8,98.8,3.89,3.7-4.1
Chevrolet,Equinox,2019,93.4,103.4,98.4,3.87,3.7-4.1
Chevrolet,Equinox,2020,93.0,103.0,98.0,3.86,3.7-4.1
Chevrolet,Equinox,2021,92.6,102.6,97.6,3.84,3.6-4.0
Chevrolet,Equinox,2022,92.2,102.2,97.2,3.83,3.6-4.0
Chevrolet,Equinox,2023,91.8,101.8,96.8,3.81,3.6-4.0
Chevrolet,Equinox,2024,91.4,101.4,96.4,3.8,3.6-4.0
Chevrolet,Equinox,2025,91.0,101.0,96.0,3.78,3.6-4.0
Chevrolet,Equinox,2026,90.6,100.6,95.6,3.76,3.6-4.0
Chevrolet,Cruze,2015,110.0,140.0,125.0,4.92,4.3-5.5
Chevrolet,Cruze,2016,109.6,139.6,124.6,4.91,4.3-5.5
Chevrolet,Cruze,2017,109.2,139.2,124.2,4.89,4.3-5.5
Chevrolet,Cruze,2018,108.8,138.8,123.8,4.87,4.3-5.5
Chevrolet,Cruze,2019,108.4,138.4,123.4,4.86,4.3-5.4
Chevrolet,Cruze,2020,108.0,138.0,123.0,4.84,4.3-5.4
Chevrolet,Cruze,2021,107.6,137.6,122.6,4.83,4.2-5.4
Chevrolet,Cruze,2022,107.2,137.2,122.2,4.81,4.2-5.4
Chevrolet,Cruze,2023,106.8,136.8,121.8,4.8,4.2-5.4
Chevrolet,Cruze,2024,106.4,136.4,121.4,4.78,4.2-5.4
Chevrolet,Cruze,2025,106.0,136.0,121.0,4.76,4.2-5.4
Chevrolet,Cruze,2026,105.6,135.6,120.6,4.75,4.2-5.3
Chevrolet,Camaro,2015,95.0,110.0,102.5,4.04,3.7-4.3
Chevrolet,Camaro,2016,94.6,109.6,102.1,4.02,3.7-4.3
Chevrolet,Camaro,2017,94.2,109.2,101.7,4.0,3.7-4.3
Chevrolet,Camaro,2018,93.8,108.8,101.3,3.99,3.7-4.3
Chevrolet,Camaro,2019,93.4,108.4,100.9,3.97,3.7-4.3
Chevrolet,Camaro,2020,93.0,108.0,100.5,3.96,3.7-4.3
Chevrolet,Camaro,2021,92.6,107.6,100.1,3.94,3.6-4.2
Chevrolet,Camaro,2022,92.2,107.2,99.7,3.93,3.6-4.2
Chevrolet,Camaro,2023,91.8,106.8,99.3,3.91,3.6-4.2
Chevrolet,Camaro,2024,91.4,106.4,98.9,3.89,3.6-4.2
Chevrolet,Camaro,2025,91.0,106.0,98.5,3.88,3.6-4.2
Chevrolet,Camaro,2026,90.6,105.6,98.1,3.86,3.6-4.2
Nissan,Altima,2015,95.0,115.0,105.0,4.13,3.7-4.5
Nissan,Altima,2016,94.6,114.6,104.6,4.12,3.7-4.5
Nissan,Altima,2017,94.2,114.2,104.2,4.1,3.7-4.5
Nissan,Altima,2018,93.8,113.8,103.8,4.09,3.7-4.5
Nissan,Altima,2019,93.4,113.4,103.4,4.07,3.7-4.5
Nissan,Altima,2020,93.0,113.0,103.0,4.06,3.7-4.4
Nissan,Altima,2021,92.6,112.6,102.6,4.04,3.6-4.4
Nissan,Altima,2022,92.2,112.2,102.2,4.02,3.6-4.4
Nissan,Altima,2023,91.8,111.8,101.8,4.01,3.6-4.4
Nissan,Altima,2024,91.4,111.4,101.4,3.99,3.6-4.4
Nissan,Altima,2025,91.0,111.0,101.0,3.98,3.6-4.4
Nissan,Altima,2026,90.6,110.6,100.6,3.96,3.6-4.4
Nissan,Sentra,2015,90.0,110.0,100.0,3.94,3.5-4.3
Nissan,Sentra,2016,89.6,109.6,99.6,3.92,3.5-4.3
Nissan,Sentra,2017,89.2,109.2,99.2,3.91,3.5-4.3
Nissan,Sentra,2018,88.8,108.8,98.8,3.89,3.5-4.3
Nissan,Sentra,2019,88.4,108.4,98.4,3.87,3.5-4.3
Nissan,Sentra,2020,88.0,108.0,98.0,3.86,3.5-4.3
Nissan,Sentra,2021,87.6,107.6,97.6,3.84,3.4-4.2
Nissan,Sentra,2022,87.2,107.2,97.2,3.83,3.4-4.2
Nissan,Sentra,2023,86.8,106.8,96.8,3.81,3.4-4.2
Nissan,Sentra,2024,86.4,106.4,96.4,3.8,3.4-4.2
Nissan,Sentra,2025,86.0,106.0,96.0,3.78,3.4-4.2
Nissan,Sentra,2026,85.6,105.6,95.6,3.76,3.4-4.2
Nissan,Rogue/X-Trail,2015,75.0,120.0,97.5,3.84,3.0-4.7
Nissan,Rogue/X-Trail,2016,74.6,119.6,97.1,3.82,2.9-4.7
Nissan,Rogue/X-Trail,2017,74.2,119.2,96.7,3.81,2.9-4.7
Nissan,Rogue/X-Trail,2018,73.8,118.8,96.3,3.79,2.9-4.7
Nissan,Rogue/X-Trail,2019,73.4,118.4,95.9,3.78,2.9-4.7
Nissan,Rogue/X-Trail,2020,73.0,118.0,95.5,3.76,2.9-4.6
Nissan,Rogue/X-Trail,2021,72.6,117.6,95.1,3.74,2.9-4.6
Nissan,Rogue/X-Trail,2022,72.2,117.2,94.7,3.73,2.8-4.6
Nissan,Rogue/X-Trail,2023,71.8,116.8,94.3,3.71,2.8-4.6
Nissan,Rogue/X-Trail,2024,71.4,116.4,93.9,3.7,2.8-4.6
Nissan,Rogue/X-Trail,2025,71.0,116.0,93.5,3.68,2.8-4.6
Nissan,Rogue/X-Trail,2026,70.6,115.6,93.1,3.67,2.8-4.6
Nissan,Qashqai,2015,110.0,125.0,117.5,4.63,4.3-4.9
Nissan,Qashqai,2016,109.6,124.6,117.1,4.61,4.3-4.9
Nissan,Qashqai,2017,109.2,124.2,116.7,4.59,4.3-4.9
Nissan,Qashqai,2018,108.8,123.8,116.3,4.58,4.3-4.9
Nissan,Qashqai,2019,108.4,123.4,115.9,4.56,4.3-4.9
Nissan,Qashqai,2020,108.0,123.0,115.5,4.55,4.3-4.8
Nissan,Qashqai,2021,107.6,122.6,115.1,4.53,4.2-4.8
Nissan,Qashqai,2022,107.2,122.2,114.7,4.52,4.2-4.8
Nissan,Qashqai,2023,106.8,121.8,114.3,4.5,4.2-4.8
Nissan,Qashqai,2024,106.4,121.4,113.9,4.48,4.2-4.8
Nissan,Qashqai,2025,106.0,121.0,113.5,4.47,4.2-4.8
Nissan,Qashqai,2026,105.6,120.6,113.1,4.45,4.2-4.7
Nissan,Pathfinder,2015,100.0,110.0,105.0,4.13,3.9-4.3
Nissan,Pathfinder,2016,99.6,109.6,104.6,4.12,3.9-4.3
Nissan,Pathfinder,2017,99.2,109.2,104.2,4.1,3.9-4.3
Nissan,Pathfinder,2018,98.8,108.8,103.8,4.09,3.9-4.3
Nissan,Pathfinder,2019,98.4,108.4,103.4,4.07,3.9-4.3
Nissan,Pathfinder,2020,98.0,108.0,103.0,4.06,3.9-4.3
Nissan,Pathfinder,2021,97.6,107.6,102.6,4.04,3.8-4.2
Nissan,Pathfinder,2022,97.2,107.2,102.2,4.02,3.8-4.2
Nissan,Pathfinder,2023,96.8,106.8,101.8,4.01,3.8-4.2
Nissan,Pathfinder,2024,96.4,106.4,101.4,3.99,3.8-4.2
Nissan,Pathfinder,2025,96.0,106.0,101.0,3.98,3.8-4.2
Nissan,Pathfinder,2026,95.6,105.6,100.6,3.96,3.8-4.2
Nissan,Murano,2015,90.0,100.0,95.0,3.74,3.5-3.9
Nissan,Murano,2016,89.6,99.6,94.6,3.72,3.5-3.9
Nissan,Murano,2017,89.2,99.2,94.2,3.71,3.5-3.9
Nissan,Murano,2018,88.8,98.8,93.8,3.69,3.5-3.9
Nissan,Murano,2019,88.4,98.4,93.4,3.68,3.5-3.9
Nissan,Murano,2020,88.0,98.0,93.0,3.66,3.5-3.9
Nissan,Murano,2021,87.6,97.6,92.6,3.65,3.4-3.8
Nissan,Murano,2022,87.2,97.2,92.2,3.63,3.4-3.8
Nissan,Murano,2023,86.8,96.8,91.8,3.61,3.4-3.8
Nissan,Murano,2024,86.4,96.4,91.4,3.6,3.4-3.8
Nissan,Murano,2025,86.0,96.0,91.0,3.58,3.4-3.8
Nissan,Murano,2026,85.6,95.6,90.6,3.57,3.4-3.8
Hyundai,Elantra,2015,70.0,100.0,85.0,3.35,2.8-3.9
Hyundai,Elantra,2016,69.6,99.6,84.6,3.33,2.7-3.9
Hyundai,Elantra,2017,69.2,99.2,84.2,3.31,2.7-3.9
Hyundai,Elantra,2018,68.8,98.8,83.8,3.3,2.7-3.9
Hyundai,Elantra,2019,68.4,98.4,83.4,3.28,2.7-3.9
Hyundai,Elantra,2020,68.0,98.0,83.0,3.27,2.7-3.9
Hyundai,Elantra,2021,67.6,97.6,82.6,3.25,2.7-3.8
Hyundai,Elantra,2022,67.2,97.2,82.2,3.24,2.6-3.8
Hyundai,Elantra,2023,66.8,96.8,81.8,3.22,2.6-3.8
Hyundai,Elantra,2024,66.4,96.4,81.4,3.2,2.6-3.8
Hyundai,Elantra,2025,66.0,96.0,81.0,3.19,2.6-3.8
Hyundai,Elantra,2026,65.6,95.6,80.6,3.17,2.6-3.8
Hyundai,Sonata,2015,85.0,100.0,92.5,3.64,3.3-3.9
Hyundai,Sonata,2016,84.6,99.6,92.1,3.63,3.3-3.9
Hyundai,Sonata,2017,84.2,99.2,91.7,3.61,3.3-3.9
Hyundai,Sonata,2018,83.8,98.8,91.3,3.59,3.3-3.9
Hyundai,Sonata,2019,83.4,98.4,90.9,3.58,3.3-3.9
Hyundai,Sonata,2020,83.0,98.0,90.5,3.56,3.3-3.9
Hyundai,Sonata,2021,82.6,97.6,90.1,3.55,3.3-3.8
Hyundai,Sonata,2022,82.2,97.2,89.7,3.53,3.2-3.8
Hyundai,Sonata,2023,81.8,96.8,89.3,3.52,3.2-3.8
Hyundai,Sonata,2024,81.4,96.4,88.9,3.5,3.2-3.8
Hyundai,Sonata,2025,81.0,96.0,88.5,3.48,3.2-3.8
Hyundai,Sonata,2026,80.6,95.6,88.1,3.47,3.2-3.8
Hyundai,Tucson,2015,90.0,130.0,110.0,4.33,3.5-5.1
Hyundai,Tucson,2016,89.6,129.6,109.6,4.31,3.5-5.1
Hyundai,Tucson,2017,89.2,129.2,109.2,4.3,3.5-5.1
Hyundai,Tucson,2018,88.8,128.8,108.8,4.28,3.5-5.1
Hyundai,Tucson,2019,88.4,128.4,108.4,4.27,3.5-5.1
Hyundai,Tucson,2020,88.0,128.0,108.0,4.25,3.5-5.0
Hyundai,Tucson,2021,87.6,127.6,107.6,4.24,3.4-5.0
Hyundai,Tucson,2022,87.2,127.2,107.2,4.22,3.4-5.0
Hyundai,Tucson,2023,86.8,126.8,106.8,4.2,3.4-5.0
Hyundai,Tucson,2024,86.4,126.4,106.4,4.19,3.4-5.0
Hyundai,Tucson,2025,86.0,126.0,106.0,4.17,3.4-5.0
Hyundai,Tucson,2026,85.6,125.6,105.6,4.16,3.4-4.9
Hyundai,Santa Fe,2015,70.0,100.0,85.0,3.35,2.8-3.9
Hyundai,Santa Fe,2016,69.6,99.6,84.6,3.33,2.7-3.9
Hyundai,Santa Fe,2017,69.2,99.2,84.2,3.31,2.7-3.9
Hyundai,Santa Fe,2018,68.8,98.8,83.8,3.3,2.7-3.9
Hyundai,Santa Fe,2019,68.4,98.4,83.4,3.28,2.7-3.9
Hyundai,Santa Fe,2020,68.0,98.0,83.0,3.27,2.7-3.9
Hyundai,Santa Fe,2021,67.6,97.6,82.6,3.25,2.7-3.8
Hyundai,Santa Fe,2022,67.2,97.2,82.2,3.24,2.6-3.8
Hyundai,Santa Fe,2023,66.8,96.8,81.8,3.22,2.6-3.8
Hyundai,Santa Fe,2024,66.4,96.4,81.4,3.2,2.6-3.8
Hyundai,Santa Fe,2025,66.0,96.0,81.0,3.19,2.6-3.8
Hyundai,Santa Fe,2026,65.6,95.6,80.6,3.17,2.6-3.8
Hyundai,Kona,2015,90.0,115.0,102.5,4.04,3.5-4.5
Hyundai,Kona,2016,89.6,114.6,102.1,4.02,3.5-4.5
Hyundai,Kona,2017,89.2,114.2,101.7,4.0,3.5-4.5
Hyundai,Kona,2018,88.8,113.8,101.3,3.99,3.5-4.5
Hyundai,Kona,2019,88.4,113.4,100.9,3.97,3.5-4.5
Hyundai,Kona,2020,88.0,113.0,100.5,3.96,3.5-4.4
Hyundai,Kona,2021,87.6,112.6,100.1,3.94,3.4-4.4
Hyundai,Kona,2022,87.2,112.2,99.7,3.93,3.4-4.4
Hyundai,Kona,2023,86.8,111.8,99.3,3.91,3.4-4.4
Hyundai,Kona,2024,86.4,111.4,98.9,3.89,3.4-4.4
Hyundai,Kona,2025,86.0,111.0,98.5,3.88,3.4-4.4
Hyundai,Kona,2026,85.6,110.6,98.1,3.86,3.4-4.4
Kia,Rio,2015,100.0,110.0,105.0,4.13,3.9-4.3
Kia,Rio,2016,99.6,109.6,104.6,4.12,3.9-4.3
Kia,Rio,2017,99.2,109.2,104.2,4.1,3.9-4.3
Kia,Rio,2018,98.8,108.8,103.8,4.09,3.9-4.3
Kia,Rio,2019,98.4,108.4,103.4,4.07,3.9-4.3
Kia,Rio,2020,98.0,108.0,103.0,4.06,3.9-4.3
Kia,Rio,2021,97.6,107.6,102.6,4.04,3.8-4.2
Kia,Rio,2022,97.2,107.2,102.2,4.02,3.8-4.2
Kia,Rio,2023,96.8,106.8,101.8,4.01,3.8-4.2
Kia,Rio,2024,96.4,106.4,101.4,3.99,3.8-4.2
Kia,Rio,2025,96.0,106.0,101.0,3.98,3.8-4.2
Kia,Rio,2026,95.6,105.6,100.6,3.96,3.8-4.2
Kia,Optima/K5,2015,120.0,125.0,122.5,4.82,4.7-4.9
Kia,Optima/K5,2016,119.6,124.6,122.1,4.81,4.7-4.9
Kia,Optima/K5,2017,119.2,124.2,121.7,4.79,4.7-4.9
Kia,Optima/K5,2018,118.8,123.8,121.3,4.78,4.7-4.9
Kia,Optima/K5,2019,118.4,123.4,120.9,4.76,4.7-4.9
Kia,Optima/K5,2020,118.0,123.0,120.5,4.74,4.6-4.8
Kia,Optima/K5,2021,117.6,122.6,120.1,4.73,4.6-4.8
Kia,Optima/K5,2022,117.2,122.2,119.7,4.71,4.6-4.8
Kia,Optima/K5,2023,116.8,121.8,119.3,4.7,4.6-4.8
Kia,Optima/K5,2024,116.4,121.4,118.9,4.68,4.6-4.8
Kia,Optima/K5,2025,116.0,121.0,118.5,4.67,4.6-4.8
Kia,Optima/K5,2026,115.6,120.6,118.1,4.65,4.6-4.7
Kia,Sportage,2015,110.0,120.0,115.0,4.53,4.3-4.7
Kia,Sportage,2016,109.6,119.6,114.6,4.51,4.3-4.7
Kia,Sportage,2017,109.2,119.2,114.2,4.5,4.3-4.7
Kia,Sportage,2018,108.8,118.8,113.8,4.48,4.3-4.7
Kia,Sportage,2019,108.4,118.4,113.4,4.46,4.3-4.7
Kia,Sportage,2020,108.0,118.0,113.0,4.45,4.3-4.6
Kia,Sportage,2021,107.6,117.6,112.6,4.43,4.2-4.6
Kia,Sportage,2022,107.2,117.2,112.2,4.42,4.2-4.6
Kia,Sportage,2023,106.8,116.8,111.8,4.4,4.2-4.6
Kia,Sportage,2024,106.4,116.4,111.4,4.39,4.2-4.6
Kia,Sportage,2025,106.0,116.0,111.0,4.37,4.2-4.6
Kia,Sportage,2026,105.6,115.6,110.6,4.35,4.2-4.6
Kia,Sorento,2015,100.0,105.0,102.5,4.04,3.9-4.1
Kia,Sorento,2016,99.6,104.6,102.1,4.02,3.9-4.1
Kia,Sorento,2017,99.2,104.2,101.7,4.0,3.9-4.1
Kia,Sorento,2018,98.8,103.8,101.3,3.99,3.9-4.1
Kia,Sorento,2019,98.4,103.4,100.9,3.97,3.9-4.1
Kia,Sorento,2020,98.0,103.0,100.5,3.96,3.9-4.1
Kia,Sorento,2021,97.6,102.6,100.1,3.94,3.8-4.0
Kia,Sorento,2022,97.2,102.2,99.7,3.93,3.8-4.0
Kia,Sorento,2023,96.8,101.8,99.3,3.91,3.8-4.0
Kia,Sorento,2024,96.4,101.4,98.9,3.89,3.8-4.0
Kia,Sorento,2025,96.0,101.0,98.5,3.88,3.8-4.0
Kia,Sorento,2026,95.6,100.6,98.1,3.86,3.8-4.0
Kia,Soul,2015,100.0,110.0,105.0,4.13,3.9-4.3
Kia,Soul,2016,99.6,109.6,104.6,4.12,3.9-4.3
Kia,Soul,2017,99.2,109.2,104.2,4.1,3.9-4.3
Kia,Soul,2018,98.8,108.8,103.8,4.09,3.9-4.3
Kia,Soul,2019,98.4,108.4,103.4,4.07,3.9-4.3
Kia,Soul,2020,98.0,108.0,103.0,4.06,3.9-4.3
Kia,Soul,2021,97.6,107.6,102.6,4.04,3.8-4.2
Kia,Soul,2022,97.2,107.2,102.2,4.02,3.8-4.2
Kia,Soul,2023,96.8,106.8,101.8,4.01,3.8-4.2
Kia,Soul,2024,96.4,106.4,101.4,3.99,3.8-4.2
Kia,Soul,2025,96.0,106.0,101.0,3.98,3.8-4.2
Kia,Soul,2026,95.6,105.6,100.6,3.96,3.8-4.2
Mazda,Mazda3,2015,70.0,95.0,82.5,3.25,2.8-3.7
Mazda,Mazda3,2016,69.6,94.6,82.1,3.23,2.7-3.7
Mazda,Mazda3,2017,69.2,94.2,81.7,3.22,2.7-3.7
Mazda,Mazda3,2018,68.8,93.8,81.3,3.2,2.7-3.7
Mazda,Mazda3,2019,68.4,93.4,80.9,3.19,2.7-3.7
Mazda,Mazda3,2020,68.0,93.0,80.5,3.17,2.7-3.7
Mazda,Mazda3,2021,67.6,92.6,80.1,3.15,2.7-3.6
Mazda,Mazda3,2022,67.2,92.2,79.7,3.14,2.6-3.6
Mazda,Mazda3,2023,66.8,91.8,79.3,3.12,2.6-3.6
Mazda,Mazda3,2024,66.4,91.4,78.9,3.11,2.6-3.6
Mazda,Mazda3,2025,66.0,91.0,78.5,3.09,2.6-3.6
Mazda,Mazda3,2026,65.6,90.6,78.1,3.07,2.6-3.6
Mazda,Mazda6,2015,75.0,95.0,85.0,3.35,3.0-3.7
Mazda,Mazda6,2016,74.6,94.6,84.6,3.33,2.9-3.7
Mazda,Mazda6,2017,74.2,94.2,84.2,3.31,2.9-3.7
Mazda,Mazda6,2018,73.8,93.8,83.8,3.3,2.9-3.7
Mazda,Mazda6,2019,73.4,93.4,83.4,3.28,2.9-3.7
Mazda,Mazda6,2020,73.0,93.0,83.0,3.27,2.9-3.7
Mazda,Mazda6,2021,72.6,92.6,82.6,3.25,2.9-3.6
Mazda,Mazda6,2022,72.2,92.2,82.2,3.24,2.8-3.6
Mazda,Mazda6,2023,71.8,91.8,81.8,3.22,2.8-3.6
Mazda,Mazda6,2024,71.4,91.4,81.4,3.2,2.8-3.6
Mazda,Mazda6,2025,71.0,91.0,81.0,3.19,2.8-3.6
Mazda,Mazda6,2026,70.6,90.6,80.6,3.17,2.8-3.6
Mazda,CX-5,2015,85.0,120.0,102.5,4.04,3.3-4.7
Mazda,CX-5,2016,84.6,119.6,102.1,4.02,3.3-4.7
Mazda,CX-5,2017,84.2,119.2,101.7,4.0,3.3-4.7
Mazda,CX-5,2018,83.8,118.8,101.3,3.99,3.3-4.7
Mazda,CX-5,2019,83.4,118.4,100.9,3.97,3.3-4.7
Mazda,CX-5,2020,83.0,118.0,100.5,3.96,3.3-4.6
Mazda,CX-5,2021,82.6,117.6,100.1,3.94,3.3-4.6
Mazda,CX-5,2022,82.2,117.2,99.7,3.93,3.2-4.6
Mazda,CX-5,2023,81.8,116.8,99.3,3.91,3.2-4.6
Mazda,CX-5,2024,81.4,116.4,98.9,3.89,3.2-4.6
Mazda,CX-5,2025,81.0,116.0,98.5,3.88,3.2-4.6
Mazda,CX-5,2026,80.6,115.6,98.1,3.86,3.2-4.6
Mazda,CX-9,2015,80.0,100.0,90.0,3.54,3.1-3.9
Mazda,CX-9,2016,79.6,99.6,89.6,3.53,3.1-3.9
Mazda,CX-9,2017,79.2,99.2,89.2,3.51,3.1-3.9
Mazda,CX-9,2018,78.8,98.8,88.8,3.5,3.1-3.9
Mazda,CX-9,2019,78.4,98.4,88.4,3.48,3.1-3.9
Mazda,CX-9,2020,78.0,98.0,88.0,3.46,3.1-3.9
Mazda,CX-9,2021,77.6,97.6,87.6,3.45,3.1-3.8
Mazda,CX-9,2022,77.2,97.2,87.2,3.43,3.0-3.8
Mazda,CX-9,2023,76.8,96.8,86.8,3.42,3.0-3.8
Mazda,CX-9,2024,76.4,96.4,86.4,3.4,3.0-3.8
Mazda,CX-9,2025,76.0,96.0,86.0,3.39,3.0-3.8
Mazda,CX-9,2026,75.6,95.6,85.6,3.37,3.0-3.8
Subaru,Forester,2015,110.0,115.0,112.5,4.43,4.3-4.5
Subaru,Forester,2016,109.6,114.6,112.1,4.41,4.3-4.5
Subaru,Forester,2017,109.2,114.2,111.7,4.4,4.3-4.5
Subaru,Forester,2018,108.8,113.8,111.3,4.38,4.3-4.5
Subaru,Forester,2019,108.4,113.4,110.9,4.37,4.3-4.5
Subaru,Forester,2020,108.0,113.0,110.5,4.35,4.3-4.4
Subaru,Forester,2021,107.6,112.6,110.1,4.33,4.2-4.4
Subaru,Forester,2022,107.2,112.2,109.7,4.32,4.2-4.4
Subaru,Forester,2023,106.8,111.8,109.3,4.3,4.2-4.4
Subaru,Forester,2024,106.4,111.4,108.9,4.29,4.2-4.4
Subaru,Forester,2025,106.0,111.0,108.5,4.27,4.2-4.4
Subaru,Forester,2026,105.6,110.6,108.1,4.26,4.2-4.4
Subaru,Outback,2015,125.0,140.0,132.5,5.22,4.9-5.5
Subaru,Outback,2016,124.6,139.6,132.1,5.2,4.9-5.5
Subaru,Outback,2017,124.2,139.2,131.7,5.19,4.9-5.5
Subaru,Outback,2018,123.8,138.8,131.3,5.17,4.9-5.5
Subaru,Outback,2019,123.4,138.4,130.9,5.15,4.9-5.4
Subaru,Outback,2020,123.0,138.0,130.5,5.14,4.8-5.4
Subaru,Outback,2021,122.6,137.6,130.1,5.12,4.8-5.4
Subaru,Outback,2022,122.2,137.2,129.7,5.11,4.8-5.4
Subaru,Outback,2023,121.8,136.8,129.3,5.09,4.8-5.4
Subaru,Outback,2024,121.4,136.4,128.9,5.07,4.8-5.4
Subaru,Outback,2025,121.0,136.0,128.5,5.06,4.8-5.4
Subaru,Outback,2026,120.6,135.6,128.1,5.04,4.7-5.3
Subaru,Impreza,2015,125.0,140.0,132.5,5.22,4.9-5.5
Subaru,Impreza,2016,124.6,139.6,132.1,5.2,4.9-5.5
Subaru,Impreza,2017,124.2,139.2,131.7,5.19,4.9-5.5
Subaru,Impreza,2018,123.8,138.8,131.3,5.17,4.9-5.5
Subaru,Impreza,2019,123.4,138.4,130.9,5.15,4.9-5.4
Subaru,Impreza,2020,123.0,138.0,130.5,5.14,4.8-5.4
Subaru,Impreza,2021,122.6,137.6,130.1,5.12,4.8-5.4
Subaru,Impreza,2022,122.2,137.2,129.7,5.11,4.8-5.4
Subaru,Impreza,2023,121.8,136.8,129.3,5.09,4.8-5.4
Subaru,Impreza,2024,121.4,136.4,128.9,5.07,4.8-5.4
Subaru,Impreza,2025,121.0,136.0,128.5,5.06,4.8-5.4
Subaru,Impreza,2026,120.6,135.6,128.1,5.04,4.7-5.3
Subaru,Legacy,2015,110.0,115.0,112.5,4.43,4.3-4.5
Subaru,Legacy,2016,109.6,114.6,112.1,4.41,4.3-4.5
Subaru,Legacy,2017,109.2,114.2,111.7,4.4,4.3-4.5
Subaru,Legacy,2018,108.8,113.8,111.3,4.38,4.3-4.5
Subaru,Legacy,2019,108.4,113.4,110.9,4.37,4.3-4.5
Subaru,Legacy,2020,108.0,113.0,110.5,4.35,4.3-4.4
Subaru,Legacy,2021,107.6,112.6,110.1,4.33,4.2-4.4
Subaru,Legacy,2022,107.2,112.2,109.7,4.32,4.2-4.4
Subaru,Legacy,2023,106.8,111.8,109.3,4.3,4.2-4.4
Subaru,Legacy,2024,106.4,111.4,108.9,4.29,4.2-4.4
Subaru,Legacy,2025,106.0,111.0,108.5,4.27,4.2-4.4
Subaru,Legacy,2026,105.6,110.6,108.1,4.26,4.2-4.4
Subaru,Crosstrek,2015,105.0,125.0,115.0,4.53,4.1-4.9
Subaru,Crosstrek,2016,104.6,124.6,114.6,4.51,4.1-4.9
Subaru,Crosstrek,2017,104.2,124.2,114.2,4.5,4.1-4.9
Subaru,Crosstrek,2018,103.8,123.8,113.8,4.48,4.1-4.9
Subaru,Crosstrek,2019,103.4,123.4,113.4,4.46,4.1-4.9
Subaru,Crosstrek,2020,103.0,123.0,113.0,4.45,4.1-4.8
Subaru,Crosstrek,2021,102.6,122.6,112.6,4.43,4.0-4.8
Subaru,Crosstrek,2022,102.2,122.2,112.2,4.42,4.0-4.8
Subaru,Crosstrek,2023,101.8,121.8,111.8,4.4,4.0-4.8
Subaru,Crosstrek,2024,101.4,121.4,111.4,4.39,4.0-4.8
Subaru,Crosstrek,2025,101.0,121.0,111.0,4.37,4.0-4.8
Subaru,Crosstrek,2026,100.6,120.6,110.6,4.35,4.0-4.7
Volkswagen,Golf,2015,80.0,105.0,92.5,3.64,3.1-4.1
Volkswagen,Golf,2016,79.6,104.6,92.1,3.63,3.1-4.1
Volkswagen,Golf,2017,79.2,104.2,91.7,3.61,3.1-4.1
Volkswagen,Golf,2018,78.8,103.8,91.3,3.59,3.1-4.1
Volkswagen,Golf,2019,78.4,103.4,90.9,3.58,3.1-4.1
Volkswagen,Golf,2020,78.0,103.0,90.5,3.56,3.1-4.1
Volkswagen,Golf,2021,77.6,102.6,90.1,3.55,3.1-4.0
Volkswagen,Golf,2022,77.2,102.2,89.7,3.53,3.0-4.0
Volkswagen,Golf,2023,76.8,101.8,89.3,3.52,3.0-4.0
Volkswagen,Golf,2024,76.4,101.4,88.9,3.5,3.0-4.0
Volkswagen,Golf,2025,76.0,101.0,88.5,3.48,3.0-4.0
Volkswagen,Golf,2026,75.6,100.6,88.1,3.47,3.0-4.0
Volkswagen,Jetta,2015,80.0,105.0,92.5,3.64,3.1-4.1
Volkswagen,Jetta,2016,79.6,104.6,92.1,3.63,3.1-4.1
Volkswagen,Jetta,2017,79.2,104.2,91.7,3.61,3.1-4.1
Volkswagen,Jetta,2018,78.8,103.8,91.3,3.59,3.1-4.1
Volkswagen,Jetta,2019,78.4,103.4,90.9,3.58,3.1-4.1
Volkswagen,Jetta,2020,78.0,103.0,90.5,3.56,3.1-4.1
Volkswagen,Jetta,2021,77.6,102.6,90.1,3.55,3.1-4.0
Volkswagen,Jetta,2022,77.2,102.2,89.7,3.53,3.0-4.0
Volkswagen,Jetta,2023,76.8,101.8,89.3,3.52,3.0-4.0
Volkswagen,Jetta,2024,76.4,101.4,88.9,3.5,3.0-4.0
Volkswagen,Jetta,2025,76.0,101.0,88.5,3.48,3.0-4.0
Volkswagen,Jetta,2026,75.6,100.6,88.1,3.47,3.0-4.0
Volkswagen,Passat,2015,120.0,140.0,130.0,5.12,4.7-5.5
Volkswagen,Passat,2016,119.6,139.6,129.6,5.1,4.7-5.5
Volkswagen,Passat,2017,119.2,139.2,129.2,5.09,4.7-5.5
Volkswagen,Passat,2018,118.8,138.8,128.8,5.07,4.7-5.5
Volkswagen,Passat,2019,118.4,138.4,128.4,5.06,4.7-5.4
Volkswagen,Passat,2020,118.0,138.0,128.0,5.04,4.6-5.4
Volkswagen,Passat,2021,117.6,137.6,127.6,5.02,4.6-5.4
Volkswagen,Passat,2022,117.2,137.2,127.2,5.01,4.6-5.4
Volkswagen,Passat,2023,116.8,136.8,126.8,4.99,4.6-5.4
Volkswagen,Passat,2024,116.4,136.4,126.4,4.98,4.6-5.4
Volkswagen,Passat,2025,116.0,136.0,126.0,4.96,4.6-5.4
Volkswagen,Passat,2026,115.6,135.6,125.6,4.94,4.6-5.3
Volkswagen,Tiguan,2015,70.0,90.0,80.0,3.15,2.8-3.5
Volkswagen,Tiguan,2016,69.6,89.6,79.6,3.13,2.7-3.5
Volkswagen,Tiguan,2017,69.2,89.2,79.2,3.12,2.7-3.5
Volkswagen,Tiguan,2018,68.8,88.8,78.8,3.1,2.7-3.5
Volkswagen,Tiguan,2019,68.4,88.4,78.4,3.09,2.7-3.5
Volkswagen,Tiguan,2020,68.0,88.0,78.0,3.07,2.7-3.5
Volkswagen,Tiguan,2021,67.6,87.6,77.6,3.06,2.7-3.4
Volkswagen,Tiguan,2022,67.2,87.2,77.2,3.04,2.6-3.4
Volkswagen,Tiguan,2023,66.8,86.8,76.8,3.02,2.6-3.4
Volkswagen,Tiguan,2024,66.4,86.4,76.4,3.01,2.6-3.4
Volkswagen,Tiguan,2025,66.0,86.0,76.0,2.99,2.6-3.4
Volkswagen,Tiguan,2026,65.6,85.6,75.6,2.98,2.6-3.4
Volkswagen,Atlas,2015,100.0,125.0,112.5,4.43,3.9-4.9
Volkswagen,Atlas,2016,99.6,124.6,112.1,4.41,3.9-4.9
Volkswagen,Atlas,2017,99.2,124.2,111.7,4.4,3.9-4.9
Volkswagen,Atlas,2018,98.8,123.8,111.3,4.38,3.9-4.9
Volkswagen,Atlas,2019,98.4,123.4,110.9,4.37,3.9-4.9
Volkswagen,Atlas,2020,98.0,123.0,110.5,4.35,3.9-4.8
Volkswagen,Atlas,2021,97.6,122.6,110.1,4.33,3.8-4.8
Volkswagen,Atlas,2022,97.2,122.2,109.7,4.32,3.8-4.8
Volkswagen,Atlas,2023,96.8,121.8,109.3,4.3,3.8-4.8
Volkswagen,Atlas,2024,96.4,121.4,108.9,4.29,3.8-4.8
Volkswagen,Atlas,2025,96.0,121.0,108.5,4.27,3.8-4.8
Volkswagen,Atlas,2026,95.6,120.6,108.1,4.26,3.8-4.7
Audi,A3,2015,100.0,120.0,110.0,4.33,3.9-4.7
Audi,A3,2016,99.6,119.6,109.6,4.31,3.9-4.7
Audi,A3,2017,99.2,119.2,109.2,4.3,3.9-4.7
Audi,A3,2018,98.8,118.8,108.8,4.28,3.9-4.7
Audi,A3,2019,98.4,118.4,108.4,4.27,3.9-4.7
Audi,A3,2020,98.0,118.0,108.0,4.25,3.9-4.6
Audi,A3,2021,97.6,117.6,107.6,4.24,3.8-4.6
Audi,A3,2022,97.2,117.2,107.2,4.22,3.8-4.6
Audi,A3,2023,96.8,116.8,106.8,4.2,3.8-4.6
Audi,A3,2024,96.4,116.4,106.4,4.19,3.8-4.6
Audi,A3,2025,96.0,116.0,106.0,4.17,3.8-4.6
Audi,A3,2026,95.6,115.6,105.6,4.16,3.8-4.6
Audi,A4,2015,100.0,130.0,115.0,4.53,3.9-5.1
Audi,A4,2016,99.6,129.6,114.6,4.51,3.9-5.1
Audi,A4,2017,99.2,129.2,114.2,4.5,3.9-5.1
Audi,A4,2018,98.8,128.8,113.8,4.48,3.9-5.1
Audi,A4,2019,98.4,128.4,113.4,4.46,3.9-5.1
Audi,A4,2020,98.0,128.0,113.0,4.45,3.9-5.0
Audi,A4,2021,97.6,127.6,112.6,4.43,3.8-5.0
Audi,A4,2022,97.2,127.2,112.2,4.42,3.8-5.0
Audi,A4,2023,96.8,126.8,111.8,4.4,3.8-5.0
Audi,A4,2024,96.4,126.4,111.4,4.39,3.8-5.0
Audi,A4,2025,96.0,126.0,111.0,4.37,3.8-5.0
Audi,A4,2026,95.6,125.6,110.6,4.35,3.8-4.9
Audi,A6,2015,95.0,110.0,102.5,4.04,3.7-4.3
Audi,A6,2016,94.6,109.6,102.1,4.02,3.7-4.3
Audi,A6,2017,94.2,109.2,101.7,4.0,3.7-4.3
Audi,A6,2018,93.8,108.8,101.3,3.99,3.7-4.3
Audi,A6,2019,93.4,108.4,100.9,3.97,3.7-4.3
Audi,A6,2020,93.0,108.0,100.5,3.96,3.7-4.3
Audi,A6,2021,92.6,107.6,100.1,3.94,3.6-4.2
Audi,A6,2022,92.2,107.2,99.7,3.93,3.6-4.2
Audi,A6,2023,91.8,106.8,99.3,3.91,3.6-4.2
Audi,A6,2024,91.4,106.4,98.9,3.89,3.6-4.2
Audi,A6,2025,91.0,106.0,98.5,3.88,3.6-4.2
Audi,A6,2026,90.6,105.6,98.1,3.86,3.6-4.2
Audi,Q5,2015,114.0,147.0,130.5,5.14,4.5-5.8
Audi,Q5,2016,113.6,146.6,130.1,5.12,4.5-5.8
Audi,Q5,2017,113.2,146.2,129.7,5.11,4.5-5.8
Audi,Q5,2018,112.8,145.8,129.3,5.09,4.4-5.7
Audi,Q5,2019,112.4,145.4,128.9,5.07,4.4-5.7
Audi,Q5,2020,112.0,145.0,128.5,5.06,4.4-5.7
Audi,Q5,2021,111.6,144.6,128.1,5.04,4.4-5.7
Audi,Q5,2022,111.2,144.2,127.7,5.03,4.4-5.7
Audi,Q5,2023,110.8,143.8,127.3,5.01,4.4-5.7
Audi,Q5,2024,110.4,143.4,126.9,5.0,4.3-5.6
Audi,Q5,2025,110.0,143.0,126.5,4.98,4.3-5.6
Audi,Q5,2026,109.6,142.6,126.1,4.96,4.3-5.6
Audi,Q7,2015,114.0,147.0,130.5,5.14,4.5-5.8
Audi,Q7,2016,113.6,146.6,130.1,5.12,4.5-5.8
Audi,Q7,2017,113.2,146.2,129.7,5.11,4.5-5.8
Audi,Q7,2018,112.8,145.8,129.3,5.09,4.4-5.7
Audi,Q7,2019,112.4,145.4,128.9,5.07,4.4-5.7
Audi,Q7,2020,112.0,145.0,128.5,5.06,4.4-5.7
Audi,Q7,2021,111.6,144.6,128.1,5.04,4.4-5.7
Audi,Q7,2022,111.2,144.2,127.7,5.03,4.4-5.7
Audi,Q7,2023,110.8,143.8,127.3,5.01,4.4-5.7
Audi,Q7,2024,110.4,143.4,126.9,5.0,4.3-5.6
Audi,Q7,2025,110.0,143.0,126.5,4.98,4.3-5.6
Audi,Q7,2026,109.6,142.6,126.1,4.96,4.3-5.6
BMW,3 Series,2015,100.0,130.0,115.0,4.53,3.9-5.1
BMW,3 Series,2016,99.6,129.6,114.6,4.51,3.9-5.1
BMW,3 Series,2017,99.2,129.2,114.2,4.5,3.9-5.1
BMW,3 Series,2018,98.8,128.8,113.8,4.48,3.9-5.1
BMW,3 Series,2019,98.4,128.4,113.4,4.46,3.9-5.1
BMW,3 Series,2020,98.0,128.0,113.0,4.45,3.9-5.0
BMW,3 Series,2021,97.6,127.6,112.6,4.43,3.8-5.0
BMW,3 Series,2022,97.2,127.2,112.2,4.42,3.8-5.0
BMW,3 Series,2023,96.8,126.8,111.8,4.4,3.8-5.0
BMW,3 Series,2024,96.4,126.4,111.4,4.39,3.8-5.0
BMW,3 Series,2025,96.0,126.0,111.0,4.37,3.8-5.0
BMW,3 Series,2026,95.6,125.6,110.6,4.35,3.8-4.9
BMW,5 Series,2015,130.0,165.0,147.5,5.81,5.1-6.5
BMW,5 Series,2016,129.6,164.6,147.1,5.79,5.1-6.5
BMW,5 Series,2017,129.2,164.2,146.7,5.78,5.1-6.5
BMW,5 Series,2018,128.8,163.8,146.3,5.76,5.1-6.4
BMW,5 Series,2019,128.4,163.4,145.9,5.74,5.1-6.4
BMW,5 Series,2020,128.0,163.0,145.5,5.73,5.0-6.4
BMW,5 Series,2021,127.6,162.6,145.1,5.71,5.0-6.4
BMW,5 Series,2022,127.2,162.2,144.7,5.7,5.0-6.4
BMW,5 Series,2023,126.8,161.8,144.3,5.68,5.0-6.4
BMW,5 Series,2024,126.4,161.4,143.9,5.67,5.0-6.4
BMW,5 Series,2025,126.0,161.0,143.5,5.65,5.0-6.3
BMW,5 Series,2026,125.6,160.6,143.1,5.63,4.9-6.3
BMW,X3,2015,89.0,100.0,94.5,3.72,3.5-3.9
BMW,X3,2016,88.6,99.6,94.1,3.7,3.5-3.9
BMW,X3,2017,88.2,99.2,93.7,3.69,3.5-3.9
BMW,X3,2018,87.8,98.8,93.3,3.67,3.5-3.9
BMW,X3,2019,87.4,98.4,92.9,3.66,3.4-3.9
BMW,X3,2020,87.0,98.0,92.5,3.64,3.4-3.9
BMW,X3,2021,86.6,97.6,92.1,3.63,3.4-3.8
BMW,X3,2022,86.2,97.2,91.7,3.61,3.4-3.8
BMW,X3,2023,85.8,96.8,91.3,3.59,3.4-3.8
BMW,X3,2024,85.4,96.4,90.9,3.58,3.4-3.8
BMW,X3,2025,85.0,96.0,90.5,3.56,3.3-3.8
BMW,X3,2026,84.6,95.6,90.1,3.55,3.3-3.8
BMW,X5,2015,120.0,165.0,142.5,5.61,4.7-6.5
BMW,X5,2016,119.6,164.6,142.1,5.59,4.7-6.5
BMW,X5,2017,119.2,164.2,141.7,5.58,4.7-6.5
BMW,X5,2018,118.8,163.8,141.3,5.56,4.7-6.4
BMW,X5,2019,118.4,163.4,140.9,5.55,4.7-6.4
BMW,X5,2020,118.0,163.0,140.5,5.53,4.6-6.4
BMW,X5,2021,117.6,162.6,140.1,5.52,4.6-6.4
BMW,X5,2022,117.2,162.2,139.7,5.5,4.6-6.4
BMW,X5,2023,116.8,161.8,139.3,5.48,4.6-6.4
BMW,X5,2024,116.4,161.4,138.9,5.47,4.6-6.4
BMW,X5,2025,116.0,161.0,138.5,5.45,4.6-6.3
BMW,X5,2026,115.6,160.6,138.1,5.44,4.6-6.3
BMW,X1,2015,105.0,115.0,110.0,4.33,4.1-4.5
BMW,X1,2016,104.6,114.6,109.6,4.31,4.1-4.5
BMW,X1,2017,104.2,114.2,109.2,4.3,4.1-4.5
BMW,X1,2018,103.8,113.8,108.8,4.28,4.1-4.5
BMW,X1,2019,103.4,113.4,108.4,4.27,4.1-4.5
BMW,X1,2020,103.0,113.0,108.0,4.25,4.1-4.4
BMW,X1,2021,102.6,112.6,107.6,4.24,4.0-4.4
BMW,X1,2022,102.2,112.2,107.2,4.22,4.0-4.4
BMW,X1,2023,101.8,111.8,106.8,4.2,4.0-4.4
BMW,X1,2024,101.4,111.4,106.4,4.19,4.0-4.4
BMW,X1,2025,101.0,111.0,106.0,4.17,4.0-4.4
BMW,X1,2026,100.6,110.6,105.6,4.16,4.0-4.4
Mercedes-Benz,C-Class,2015,100.0,140.0,120.0,4.72,3.9-5.5
Mercedes-Benz,C-Class,2016,99.6,139.6,119.6,4.71,3.9-5.5
Mercedes-Benz,C-Class,2017,99.2,139.2,119.2,4.69,3.9-5.5
Mercedes-Benz,C-Class,2018,98.8,138.8,118.8,4.68,3.9-5.5
Mercedes-Benz,C-Class,2019,98.4,138.4,118.4,4.66,3.9-5.4
Mercedes-Benz,C-Class,2020,98.0,138.0,118.0,4.65,3.9-5.4
Mercedes-Benz,C-Class,2021,97.6,137.6,117.6,4.63,3.8-5.4
Mercedes-Benz,C-Class,2022,97.2,137.2,117.2,4.61,3.8-5.4
Mercedes-Benz,C-Class,2023,96.8,136.8,116.8,4.6,3.8-5.4
Mercedes-Benz,C-Class,2024,96.4,136.4,116.4,4.58,3.8-5.4
Mercedes-Benz,C-Class,2025,96.0,136.0,116.0,4.57,3.8-5.4
Mercedes-Benz,C-Class,2026,95.6,135.6,115.6,4.55,3.8-5.3
Mercedes-Benz,E-Class,2015,100.0,140.0,120.0,4.72,3.9-5.5
Mercedes-Benz,E-Class,2016,99.6,139.6,119.6,4.71,3.9-5.5
Mercedes-Benz,E-Class,2017,99.2,139.2,119.2,4.69,3.9-5.5
Mercedes-Benz,E-Class,2018,98.8,138.8,118.8,4.68,3.9-5.5
Mercedes-Benz,E-Class,2019,98.4,138.4,118.4,4.66,3.9-5.4
Mercedes-Benz,E-Class,2020,98.0,138.0,118.0,4.65,3.9-5.4
Mercedes-Benz,E-Class,2021,97.6,137.6,117.6,4.63,3.8-5.4
Mercedes-Benz,E-Class,2022,97.2,137.2,117.2,4.61,3.8-5.4
Mercedes-Benz,E-Class,2023,96.8,136.8,116.8,4.6,3.8-5.4
Mercedes-Benz,E-Class,2024,96.4,136.4,116.4,4.58,3.8-5.4
Mercedes-Benz,E-Class,2025,96.0,136.0,116.0,4.57,3.8-5.4
Mercedes-Benz,E-Class,2026,95.6,135.6,115.6,4.55,3.8-5.3
Mercedes-Benz,GLC,2015,100.0,135.0,117.5,4.63,3.9-5.3
Mercedes-Benz,GLC,2016,99.6,134.6,117.1,4.61,3.9-5.3
Mercedes-Benz,GLC,2017,99.2,134.2,116.7,4.59,3.9-5.3
Mercedes-Benz,GLC,2018,98.8,133.8,116.3,4.58,3.9-5.3
Mercedes-Benz,GLC,2019,98.4,133.4,115.9,4.56,3.9-5.3
Mercedes-Benz,GLC,2020,98.0,133.0,115.5,4.55,3.9-5.2
Mercedes-Benz,GLC,2021,97.6,132.6,115.1,4.53,3.8-5.2
Mercedes-Benz,GLC,2022,97.2,132.2,114.7,4.52,3.8-5.2
Mercedes-Benz,GLC,2023,96.8,131.8,114.3,4.5,3.8-5.2
Mercedes-Benz,GLC,2024,96.4,131.4,113.9,4.48,3.8-5.2
Mercedes-Benz,GLC,2025,96.0,131.0,113.5,4.47,3.8-5.2
Mercedes-Benz,GLC,2026,95.6,130.6,113.1,4.45,3.8-5.1
Mercedes-Benz,GLE,2015,90.0,115.0,102.5,4.04,3.5-4.5
Mercedes-Benz,GLE,2016,89.6,114.6,102.1,4.02,3.5-4.5
Mercedes-Benz,GLE,2017,89.2,114.2,101.7,4.0,3.5-4.5
Mercedes-Benz,GLE,2018,88.8,113.8,101.3,3.99,3.5-4.5
Mercedes-Benz,GLE,2019,88.4,113.4,100.9,3.97,3.5-4.5
Mercedes-Benz,GLE,2020,88.0,113.0,100.5,3.96,3.5-4.4
Mercedes-Benz,GLE,2021,87.6,112.6,100.1,3.94,3.4-4.4
Mercedes-Benz,GLE,2022,87.2,112.2,99.7,3.93,3.4-4.4
Mercedes-Benz,GLE,2023,86.8,111.8,99.3,3.91,3.4-4.4
Mercedes-Benz,GLE,2024,86.4,111.4,98.9,3.89,3.4-4.4
Mercedes-Benz,GLE,2025,86.0,111.0,98.5,3.88,3.4-4.4
Mercedes-Benz,GLE,2026,85.6,110.6,98.1,3.86,3.4-4.4
Mercedes-Benz,A-Class,2015,100.0,130.0,115.0,4.53,3.9-5.1
Mercedes-Benz,A-Class,2016,99.6,129.6,114.6,4.51,3.9-5.1
Mercedes-Benz,A-Class,2017,99.2,129.2,114.2,4.5,3.9-5.1
Mercedes-Benz,A-Class,2018,98.8,128.8,113.8,4.48,3.9-5.1
Mercedes-Benz,A-Class,2019,98.4,128.4,113.4,4.46,3.9-5.1
Mercedes-Benz,A-Class,2020,98.0,128.0,113.0,4.45,3.9-5.0
Mercedes-Benz,A-Class,2021,97.6,127.6,112.6,4.43,3.8-5.0
Mercedes-Benz,A-Class,2022,97.2,127.2,112.2,4.42,3.8-5.0
Mercedes-Benz,A-Class,2023,96.8,126.8,111.8,4.4,3.8-5.0
Mercedes-Benz,A-Class,2024,96.4,126.4,111.4,4.39,3.8-5.0
Mercedes-Benz,A-Class,2025,96.0,126.0,111.0,4.37,3.8-5.0
Mercedes-Benz,A-Class,2026,95.6,125.6,110.6,4.35,3.8-4.9
Lexus,ES,2015,140.0,145.0,142.5,5.61,5.5-5.7
Lexus,ES,2016,139.6,144.6,142.1,5.59,5.5-5.7
Lexus,ES,2017,139.2,144.2,141.7,5.58,5.5-5.7
Lexus,ES,2018,138.8,143.8,141.3,5.56,5.5-5.7
Lexus,ES,2019,138.4,143.4,140.9,5.55,5.4-5.6
Lexus,ES,2020,138.0,143.0,140.5,5.53,5.4-5.6
Lexus,ES,2021,137.6,142.6,140.1,5.52,5.4-5.6
Lexus,ES,2022,137.2,142.2,139.7,5.5,5.4-5.6
Lexus,ES,2023,136.8,141.8,139.3,5.48,5.4-5.6
Lexus,ES,2024,136.4,141.4,138.9,5.47,5.4-5.6
Lexus,ES,2025,136.0,141.0,138.5,5.45,5.4-5.6
Lexus,ES,2026,135.6,140.6,138.1,5.44,5.3-5.5
Lexus,RX,2015,140.0,145.0,142.5,5.61,5.5-5.7
Lexus,RX,2016,139.6,144.6,142.1,5.59,5.5-5.7
Lexus,RX,2017,139.2,144.2,141.7,5.58,5.5-5.7
Lexus,RX,2018,138.8,143.8,141.3,5.56,5.5-5.7
Lexus,RX,2019,138.4,143.4,140.9,5.55,5.4-5.6
Lexus,RX,2020,138.0,143.0,140.5,5.53,5.4-5.6
Lexus,RX,2021,137.6,142.6,140.1,5.52,5.4-5.6
Lexus,RX,2022,137.2,142.2,139.7,5.5,5.4-5.6
Lexus,RX,2023,136.8,141.8,139.3,5.48,5.4-5.6
Lexus,RX,2024,136.4,141.4,138.9,5.47,5.4-5.6
Lexus,RX,2025,136.0,141.0,138.5,5.45,5.4-5.6
Lexus,RX,2026,135.6,140.6,138.1,5.44,5.3-5.5
Lexus,NX,2015,120.0,140.0,130.0,5.12,4.7-5.5
Lexus,NX,2016,119.6,139.6,129.6,5.1,4.7-5.5
Lexus,NX,2017,119.2,139.2,129.2,5.09,4.7-5.5
Lexus,NX,2018,118.8,138.8,128.8,5.07,4.7-5.5
Lexus,NX,2019,118.4,138.4,128.4,5.06,4.7-5.4
Lexus,NX,2020,118.0,138.0,128.0,5.04,4.6-5.4
Lexus,NX,2021,117.6,137.6,127.6,5.02,4.6-5.4
Lexus,NX,2022,117.2,137.2,127.2,5.01,4.6-5.4
Lexus,NX,2023,116.8,136.8,126.8,4.99,4.6-5.4
Lexus,NX,2024,116.4,136.4,126.4,4.98,4.6-5.4
Lexus,NX,2025,116.0,136.0,126.0,4.96,4.6-5.4
Lexus,NX,2026,115.6,135.6,125.6,4.94,4.6-5.3
Lexus,IS,2015,125.0,145.0,135.0,5.31,4.9-5.7
Lexus,IS,2016,124.6,144.6,134.6,5.3,4.9-5.7
Lexus,IS,2017,124.2,144.2,134.2,5.28,4.9-5.7
Lexus,IS,2018,123.8,143.8,133.8,5.27,4.9-5.7
Lexus,IS,2019,123.4,143.4,133.4,5.25,4.9-5.6
Lexus,IS,2020,123.0,143.0,133.0,5.24,4.8-5.6
Lexus,IS,2021,122.6,142.6,132.6,5.22,4.8-5.6
Lexus,IS,2022,122.2,142.2,132.2,5.2,4.8-5.6
Lexus,IS,2023,121.8,141.8,131.8,5.19,4.8-5.6
Lexus,IS,2024,121.4,141.4,131.4,5.17,4.8-5.6
Lexus,IS,2025,121.0,141.0,131.0,5.16,4.8-5.6
Lexus,IS,2026,120.6,140.6,130.6,5.14,4.7-5.5
Lexus,GX,2015,125.0,150.0,137.5,5.41,4.9-5.9
Lexus,GX,2016,124.6,149.6,137.1,5.4,4.9-5.9
Lexus,GX,2017,124.2,149.2,136.7,5.38,4.9-5.9
Lexus,GX,2018,123.8,148.8,136.3,5.37,4.9-5.9
Lexus,GX,2019,123.4,148.4,135.9,5.35,4.9-5.8
Lexus,GX,2020,123.0,148.0,135.5,5.33,4.8-5.8
Lexus,GX,2021,122.6,147.6,135.1,5.32,4.8-5.8
Lexus,GX,2022,122.2,147.2,134.7,5.3,4.8-5.8
Lexus,GX,2023,121.8,146.8,134.3,5.29,4.8-5.8
Lexus,GX,2024,121.4,146.4,133.9,5.27,4.8-5.8
Lexus,GX,2025,121.0,146.0,133.5,5.26,4.8-5.7
Lexus,GX,2026,120.6,145.6,133.1,5.24,4.7-5.7
Tesla,Model S,2015,75.0,115.0,95.0,3.74,3.0-4.5
Tesla,Model S,2016,74.6,114.6,94.6,3.72,2.9-4.5
Tesla,Model S,2017,74.2,114.2,94.2,3.71,2.9-4.5
Tesla,Model S,2018,73.8,113.8,93.8,3.69,2.9-4.5
Tesla,Model S,2019,73.4,113.4,93.4,3.68,2.9-4.5
Tesla,Model S,2020,73.0,113.0,93.0,3.66,2.9-4.4
Tesla,Model S,2021,72.6,112.6,92.6,3.65,2.9-4.4
Tesla,Model S,2022,72.2,112.2,92.2,3.63,2.8-4.4
Tesla,Model S,2023,71.8,111.8,91.8,3.61,2.8-4.4
Tesla,Model S,2024,71.4,111.4,91.4,3.6,2.8-4.4
Tesla,Model S,2025,71.0,111.0,91.0,3.58,2.8-4.4
Tesla,Model S,2026,70.6,110.6,90.6,3.57,2.8-4.4
Tesla,Model 3,2015,90.0,120.0,105.0,4.13,3.5-4.7
Tesla,Model 3,2016,89.6,119.6,104.6,4.12,3.5-4.7
Tesla,Model 3,2017,89.2,119.2,104.2,4.1,3.5-4.7
Tesla,Model 3,2018,88.8,118.8,103.8,4.09,3.5-4.7
Tesla,Model 3,2019,88.4,118.4,103.4,4.07,3.5-4.7
Tesla,Model 3,2020,88.0,118.0,103.0,4.06,3.5-4.6
Tesla,Model 3,2021,87.6,117.6,102.6,4.04,3.4-4.6
Tesla,Model 3,2022,87.2,117.2,102.2,4.02,3.4-4.6
Tesla,Model 3,2023,86.8,116.8,101.8,4.01,3.4-4.6
Tesla,Model 3,2024,86.4,116.4,101.4,3.99,3.4-4.6
Tesla,Model 3,2025,86.0,116.0,101.0,3.98,3.4-4.6
Tesla,Model 3,2026,85.6,115.6,100.6,3.96,3.4-4.6
Tesla,Model X,2015,80.0,120.0,100.0,3.94,3.1-4.7
Tesla,Model X,2016,79.6,119.6,99.6,3.92,3.1-4.7
Tesla,Model X,2017,79.2,119.2,99.2,3.91,3.1-4.7
Tesla,Model X,2018,78.8,118.8,98.8,3.89,3.1-4.7
Tesla,Model X,2019,78.4,118.4,98.4,3.87,3.1-4.7
Tesla,Model X,2020,78.0,118.0,98.0,3.86,3.1-4.6
Tesla,Model X,2021,77.6,117.6,97.6,3.84,3.1-4.6
Tesla,Model X,2022,77.2,117.2,97.2,3.83,3.0-4.6
Tesla,Model X,2023,76.8,116.8,96.8,3.81,3.0-4.6
Tesla,Model X,2024,76.4,116.4,96.4,3.8,3.0-4.6
Tesla,Model X,2025,76.0,116.0,96.0,3.78,3.0-4.6
Tesla,Model X,2026,75.6,115.6,95.6,3.76,3.0-4.6
Tesla,Model Y,2015,90.0,125.0,107.5,4.23,3.5-4.9
Tesla,Model Y,2016,89.6,124.6,107.1,4.22,3.5-4.9
Tesla,Model Y,2017,89.2,124.2,106.7,4.2,3.5-4.9
Tesla,Model Y,2018,88.8,123.8,106.3,4.19,3.5-4.9
Tesla,Model Y,2019,88.4,123.4,105.9,4.17,3.5-4.9
Tesla,Model Y,2020,88.0,123.0,105.5,4.15,3.5-4.8
Tesla,Model Y,2021,87.6,122.6,105.1,4.14,3.4-4.8
Tesla,Model Y,2022,87.2,122.2,104.7,4.12,3.4-4.8
Tesla,Model Y,2023,86.8,121.8,104.3,4.11,3.4-4.8
Tesla,Model Y,2024,86.4,121.4,103.9,4.09,3.4-4.8
Tesla,Model Y,2025,86.0,121.0,103.5,4.07,3.4-4.8
Tesla,Model Y,2026,85.6,120.6,103.1,4.06,3.4-4.7
Jeep,Wrangler,2015,96.0,110.0,103.0,4.06,3.8-4.3
Jeep,Wrangler,2016,95.6,109.6,102.6,4.04,3.8-4.3
Jeep,Wrangler,2017,95.2,109.2,102.2,4.02,3.7-4.3
Jeep,Wrangler,2018,94.8,108.8,101.8,4.01,3.7-4.3
Jeep,Wrangler,2019,94.4,108.4,101.4,3.99,3.7-4.3
Jeep,Wrangler,2020,94.0,108.0,101.0,3.98,3.7-4.3
Jeep,Wrangler,2021,93.6,107.6,100.6,3.96,3.7-4.2
Jeep,Wrangler,2022,93.2,107.2,100.2,3.94,3.7-4.2
Jeep,Wrangler,2023,92.8,106.8,99.8,3.93,3.7-4.2
Jeep,Wrangler,2024,92.4,106.4,99.4,3.91,3.6-4.2
Jeep,Wrangler,2025,92.0,106.0,99.0,3.9,3.6-4.2
Jeep,Wrangler,2026,91.6,105.6,98.6,3.88,3.6-4.2
Jeep,Grand Cherokee,2015,96.0,112.0,104.0,4.09,3.8-4.4
Jeep,Grand Cherokee,2016,95.6,111.6,103.6,4.08,3.8-4.4
Jeep,Grand Cherokee,2017,95.2,111.2,103.2,4.06,3.7-4.4
Jeep,Grand Cherokee,2018,94.8,110.8,102.8,4.05,3.7-4.4
Jeep,Grand Cherokee,2019,94.4,110.4,102.4,4.03,3.7-4.3
Jeep,Grand Cherokee,2020,94.0,110.0,102.0,4.02,3.7-4.3
Jeep,Grand Cherokee,2021,93.6,109.6,101.6,4.0,3.7-4.3
Jeep,Grand Cherokee,2022,93.2,109.2,101.2,3.98,3.7-4.3
Jeep,Grand Cherokee,2023,92.8,108.8,100.8,3.97,3.7-4.3
Jeep,Grand Cherokee,2024,92.4,108.4,100.4,3.95,3.6-4.3
Jeep,Grand Cherokee,2025,92.0,108.0,100.0,3.94,3.6-4.3
Jeep,Grand Cherokee,2026,91.6,107.6,99.6,3.92,3.6-4.2
Jeep,Cherokee,2015,95.0,108.0,101.5,4.0,3.7-4.3
Jeep,Cherokee,2016,94.6,107.6,101.1,3.98,3.7-4.2
Jeep,Cherokee,2017,94.2,107.2,100.7,3.96,3.7-4.2
Jeep,Cherokee,2018,93.8,106.8,100.3,3.95,3.7-4.2
Jeep,Cherokee,2019,93.4,106.4,99.9,3.93,3.7-4.2
Jeep,Cherokee,2020,93.0,106.0,99.5,3.92,3.7-4.2
Jeep,Cherokee,2021,92.6,105.6,99.1,3.9,3.6-4.2
Jeep,Cherokee,2022,92.2,105.2,98.7,3.89,3.6-4.1
Jeep,Cherokee,2023,91.8,104.8,98.3,3.87,3.6-4.1
Jeep,Cherokee,2024,91.4,104.4,97.9,3.85,3.6-4.1
Jeep,Cherokee,2025,91.0,104.0,97.5,3.84,3.6-4.1
Jeep,Cherokee,2026,90.6,103.6,97.1,3.82,3.6-4.1
Jeep,Compass,2015,95.0,105.0,100.0,3.94,3.7-4.1
Jeep,Compass,2016,94.6,104.6,99.6,3.92,3.7-4.1
Jeep,Compass,2017,94.2,104.2,99.2,3.91,3.7-4.1
Jeep,Compass,2018,93.8,103.8,98.8,3.89,3.7-4.1
Jeep,Compass,2019,93.4,103.4,98.4,3.87,3.7-4.1
Jeep,Compass,2020,93.0,103.0,98.0,3.86,3.7-4.1
Jeep,Compass,2021,92.6,102.6,97.6,3.84,3.6-4.0
Jeep,Compass,2022,92.2,102.2,97.2,3.83,3.6-4.0
Jeep,Compass,2023,91.8,101.8,96.8,3.81,3.6-4.0
Jeep,Compass,2024,91.4,101.4,96.4,3.8,3.6-4.0
Jeep,Compass,2025,91.0,101.0,96.0,3.78,3.6-4.0
Jeep,Compass,2026,90.6,100.6,95.6,3.76,3.6-4.0
Volvo,XC60,2015,105.0,135.0,120.0,4.72,4.1-5.3
Volvo,XC60,2016,104.6,134.6,119.6,4.71,4.1-5.3
Volvo,XC60,2017,104.2,134.2,119.2,4.69,4.1-5.3
Volvo,XC60,2018,103.8,133.8,118.8,4.68,4.1-5.3
Volvo,XC60,2019,103.4,133.4,118.4,4.66,4.1-5.3
Volvo,XC60,2020,103.0,133.0,118.0,4.65,4.1-5.2
Volvo,XC60,2021,102.6,132.6,117.6,4.63,4.0-5.2
Volvo,XC60,2022,102.2,132.2,117.2,4.61,4.0-5.2
Volvo,XC60,2023,101.8,131.8,116.8,4.6,4.0-5.2
Volvo,XC60,2024,101.4,131.4,116.4,4.58,4.0-5.2
Volvo,XC60,2025,101.0,131.0,116.0,4.57,4.0-5.2
Volvo,XC60,2026,100.6,130.6,115.6,4.55,4.0-5.1
Volvo,XC90,2015,105.0,135.0,120.0,4.72,4.1-5.3
Volvo,XC90,2016,104.6,134.6,119.6,4.71,4.1-5.3
Volvo,XC90,2017,104.2,134.2,119.2,4.69,4.1-5.3
Volvo,XC90,2018,103.8,133.8,118.8,4.68,4.1-5.3
Volvo,XC90,2019,103.4,133.4,118.4,4.66,4.1-5.3
Volvo,XC90,2020,103.0,133.0,118.0,4.65,4.1-5.2
Volvo,XC90,2021,102.6,132.6,117.6,4.63,4.0-5.2
Volvo,XC90,2022,102.2,132.2,117.2,4.61,4.0-5.2
Volvo,XC90,2023,101.8,131.8,116.8,4.6,4.0-5.2
Volvo,XC90,2024,101.4,131.4,116.4,4.58,4.0-5.2
Volvo,XC90,2025,101.0,131.0,116.0,4.57,4.0-5.2
Volvo,XC90,2026,100.6,130.6,115.6,4.55,4.0-5.1
Volvo,S60,2015,105.0,130.0,117.5,4.63,4.1-5.1
Volvo,S60,2016,104.6,129.6,117.1,4.61,4.1-5.1
Volvo,S60,2017,104.2,129.2,116.7,4.59,4.1-5.1
Volvo,S60,2018,103.8,128.8,116.3,4.58,4.1-5.1
Volvo,S60,2019,103.4,128.4,115.9,4.56,4.1-5.1
Volvo,S60,2020,103.0,128.0,115.5,4.55,4.1-5.0
Volvo,S60,2021,102.6,127.6,115.1,4.53,4.0-5.0
Volvo,S60,2022,102.2,127.2,114.7,4.52,4.0-5.0
Volvo,S60,2023,101.8,126.8,114.3,4.5,4.0-5.0
Volvo,S60,2024,101.4,126.4,113.9,4.48,4.0-5.0
Volvo,S60,2025,101.0,126.0,113.5,4.47,4.0-5.0
Volvo,S60,2026,100.6,125.6,113.1,4.45,4.0-4.9
Volvo,XC40,2015,105.0,130.0,117.5,4.63,4.1-5.1
Volvo,XC40,2016,104.6,129.6,117.1,4.61,4.1-5.1
Volvo,XC40,2017,104.2,129.2,116.7,4.59,4.1-5.1
Volvo,XC40,2018,103.8,128.8,116.3,4.58,4.1-5.1
Volvo,XC40,2019,103.4,128.4,115.9,4.56,4.1-5.1
Volvo,XC40,2020,103.0,128.0,115.5,4.55,4.1-5.0
Volvo,XC40,2021,102.6,127.6,115.1,4.53,4.0-5.0
Volvo,XC40,2022,102.2,127.2,114.7,4.52,4.0-5.0
Volvo,XC40,2023,101.8,126.8,114.3,4.5,4.0-5.0
Volvo,XC40,2024,101.4,126.4,113.9,4.48,4.0-5.0
Volvo,XC40,2025,101.0,126.0,113.5,4.47,4.0-5.0
Volvo,XC40,2026,100.6,125.6,113.1,4.45,4.0-4.9
Porsche,911,2015,100.0,135.0,117.5,4.63,3.9-5.3
Porsche,911,2016,99.6,134.6,117.1,4.61,3.9-5.3
Porsche,911,2017,99.2,134.2,116.7,4.59,3.9-5.3
Porsche,911,2018,98.8,133.8,116.3,4.58,3.9-5.3
Porsche,911,2019,98.4,133.4,115.9,4.56,3.9-5.3
Porsche,911,2020,98.0,133.0,115.5,4.55,3.9-5.2
Porsche,911,2021,97.6,132.6,115.1,4.53,3.8-5.2
Porsche,911,2022,97.2,132.2,114.7,4.52,3.8-5.2
Porsche,911,2023,96.8,131.8,114.3,4.5,3.8-5.2
Porsche,911,2024,96.4,131.4,113.9,4.48,3.8-5.2
Porsche,911,2025,96.0,131.0,113.5,4.47,3.8-5.2
Porsche,911,2026,95.6,130.6,113.1,4.45,3.8-5.1
Porsche,Cayenne,2015,105.0,140.0,122.5,4.82,4.1-5.5
Porsche,Cayenne,2016,104.6,139.6,122.1,4.81,4.1-5.5
Porsche,Cayenne,2017,104.2,139.2,121.7,4.79,4.1-5.5
Porsche,Cayenne,2018,103.8,138.8,121.3,4.78,4.1-5.5
Porsche,Cayenne,2019,103.4,138.4,120.9,4.76,4.1-5.4
Porsche,Cayenne,2020,103.0,138.0,120.5,4.74,4.1-5.4
Porsche,Cayenne,2021,102.6,137.6,120.1,4.73,4.0-5.4
Porsche,Cayenne,2022,102.2,137.2,119.7,4.71,4.0-5.4
Porsche,Cayenne,2023,101.8,136.8,119.3,4.7,4.0-5.4
Porsche,Cayenne,2024,101.4,136.4,118.9,4.68,4.0-5.4
Porsche,Cayenne,2025,101.0,136.0,118.5,4.67,4.0-5.4
Porsche,Cayenne,2026,100.6,135.6,118.1,4.65,4.0-5.3
Porsche,Macan,2015,100.0,135.0,117.5,4.63,3.9-5.3
Porsche,Macan,2016,99.6,134.6,117.1,4.61,3.9-5.3
Porsche,Macan,2017,99.2,134.2,116.7,4.59,3.9-5.3
Porsche,Macan,2018,98.8,133.8,116.3,4.58,3.9-5.3
Porsche,Macan,2019,98.4,133.4,115.9,4.56,3.9-5.3
Porsche,Macan,2020,98.0,133.0,115.5,4.55,3.9-5.2
Porsche,Macan,2021,97.6,132.6,115.1,4.53,3.8-5.2
Porsche,Macan,2022,97.2,132.2,114.7,4.52,3.8-5.2
Porsche,Macan,2023,96.8,131.8,114.3,4.5,3.8-5.2
Porsche,Macan,2024,96.4,131.4,113.9,4.48,3.8-5.2
Porsche,Macan,2025,96.0,131.0,113.5,4.47,3.8-5.2
Porsche,Macan,2026,95.6,130.6,113.1,4.45,3.8-5.1
Porsche,Taycan,2015,100.0,135.0,117.5,4.63,3.9-5.3
Porsche,Taycan,2016,99.6,134.6,117.1,4.61,3.9-5.3
Porsche,Taycan,2017,99.2,134.2,116.7,4.59,3.9-5.3
Porsche,Taycan,2018,98.8,133.8,116.3,4.58,3.9-5.3
Porsche,Taycan,2019,98.4,133.4,115.9,4.56,3.9-5.3
Porsche,Taycan,2020,98.0,133.0,115.5,4.55,3.9-5.2
Porsche,Taycan,2021,97.6,132.6,115.1,4.53,3.8-5.2
Porsche,Taycan,2022,97.2,132.2,114.7,4.52,3.8-5.2
Porsche,Taycan,2023,96.8,131.8,114.3,4.5,3.8-5.2
Porsche,Taycan,2024,96.4,131.4,113.9,4.48,3.8-5.2
Porsche,Taycan,2025,96.0,131.0,113.5,4.47,3.8-5.2
Porsche,Taycan,2026,95.6,130.6,113.1,4.45,3.8-5.1
Peugeot,308,2015,100.0,115.0,107.5,4.23,3.9-4.5
Peugeot,308,2016,99.6,114.6,107.1,4.22,3.9-4.5
Peugeot,308,2017,99.2,114.2,106.7,4.2,3.9-4.5
Peugeot,308,2018,98.8,113.8,106.3,4.19,3.9-4.5
Peugeot,308,2019,98.4,113.4,105.9,4.17,3.9-4.5
Peugeot,308,2020,98.0,113.0,105.5,4.15,3.9-4.4
Peugeot,308,2021,97.6,112.6,105.1,4.14,3.8-4.4
Peugeot,308,2022,97.2,112.2,104.7,4.12,3.8-4.4
Peugeot,308,2023,96.8,111.8,104.3,4.11,3.8-4.4
Peugeot,308,2024,96.4,111.4,103.9,4.09,3.8-4.4
Peugeot,308,2025,96.0,111.0,103.5,4.07,3.8-4.4
Peugeot,308,2026,95.6,110.6,103.1,4.06,3.8-4.4
Peugeot,3008,2015,100.0,115.0,107.5,4.23,3.9-4.5
Peugeot,3008,2016,99.6,114.6,107.1,4.22,3.9-4.5
Peugeot,3008,2017,99.2,114.2,106.7,4.2,3.9-4.5
Peugeot,3008,2018,98.8,113.8,106.3,4.19,3.9-4.5
Peugeot,3008,2019,98.4,113.4,105.9,4.17,3.9-4.5
Peugeot,3008,2020,98.0,113.0,105.5,4.15,3.9-4.4
Peugeot,3008,2021,97.6,112.6,105.1,4.14,3.8-4.4
Peugeot,3008,2022,97.2,112.2,104.7,4.12,3.8-4.4
Peugeot,3008,2023,96.8,111.8,104.3,4.11,3.8-4.4
Peugeot,3008,2024,96.4,111.4,103.9,4.09,3.8-4.4
Peugeot,3008,2025,96.0,111.0,103.5,4.07,3.8-4.4
Peugeot,3008,2026,95.6,110.6,103.1,4.06,3.8-4.4
Peugeot,508,2015,100.0,115.0,107.5,4.23,3.9-4.5
Peugeot,508,2016,99.6,114.6,107.1,4.22,3.9-4.5
Peugeot,508,2017,99.2,114.2,106.7,4.2,3.9-4.5
Peugeot,508,2018,98.8,113.8,106.3,4.19,3.9-4.5
Peugeot,508,2019,98.4,113.4,105.9,4.17,3.9-4.5
Peugeot,508,2020,98.0,113.0,105.5,4.15,3.9-4.4
Peugeot,508,2021,97.6,112.6,105.1,4.14,3.8-4.4
Peugeot,508,2022,97.2,112.2,104.7,4.12,3.8-4.4
Peugeot,508,2023,96.8,111.8,104.3,4.11,3.8-4.4
Peugeot,508,2024,96.4,111.4,103.9,4.09,3.8-4.4
Peugeot,508,2025,96.0,111.0,103.5,4.07,3.8-4.4
Peugeot,508,2026,95.6,110.6,103.1,4.06,3.8-4.4
Renault,Clio,2015,100.0,120.0,110.0,4.33,3.9-4.7
Renault,Clio,2016,99.6,119.6,109.6,4.31,3.9-4.7
Renault,Clio,2017,99.2,119.2,109.2,4.3,3.9-4.7
Renault,Clio,2018,98.8,118.8,108.8,4.28,3.9-4.7
Renault,Clio,2019,98.4,118.4,108.4,4.27,3.9-4.7
Renault,Clio,2020,98.0,118.0,108.0,4.25,3.9-4.6
Renault,Clio,2021,97.6,117.6,107.6,4.24,3.8-4.6
Renault,Clio,2022,97.2,117.2,107.2,4.22,3.8-4.6
Renault,Clio,2023,96.8,116.8,106.8,4.2,3.8-4.6
Renault,Clio,2024,96.4,116.4,106.4,4.19,3.8-4.6
Renault,Clio,2025,96.0,116.0,106.0,4.17,3.8-4.6
Renault,Clio,2026,95.6,115.6,105.6,4.16,3.8-4.6
Renault,Megane,2015,100.0,140.0,120.0,4.72,3.9-5.5
Renault,Megane,2016,99.6,139.6,119.6,4.71,3.9-5.5
Renault,Megane,2017,99.2,139.2,119.2,4.69,3.9-5.5
Renault,Megane,2018,98.8,138.8,118.8,4.68,3.9-5.5
Renault,Megane,2019,98.4,138.4,118.4,4.66,3.9-5.4
Renault,Megane,2020,98.0,138.0,118.0,4.65,3.9-5.4
Renault,Megane,2021,97.6,137.6,117.6,4.63,3.8-5.4
Renault,Megane,2022,97.2,137.2,117.2,4.61,3.8-5.4
Renault,Megane,2023,96.8,136.8,116.8,4.6,3.8-5.4
Renault,Megane,2024,96.4,136.4,116.4,4.58,3.8-5.4
Renault,Megane,2025,96.0,136.0,116.0,4.57,3.8-5.4
Renault,Megane,2026,95.6,135.6,115.6,4.55,3.8-5.3
Renault,Captur,2015,95.0,120.0,107.5,4.23,3.7-4.7
Renault,Captur,2016,94.6,119.6,107.1,4.22,3.7-4.7
Renault,Captur,2017,94.2,119.2,106.7,4.2,3.7-4.7
Renault,Captur,2018,93.8,118.8,106.3,4.19,3.7-4.7
Renault,Captur,2019,93.4,118.4,105.9,4.17,3.7-4.7
Renault,Captur,2020,93.0,118.0,105.5,4.15,3.7-4.6
Renault,Captur,2021,92.6,117.6,105.1,4.14,3.6-4.6
Renault,Captur,2022,92.2,117.2,104.7,4.12,3.6-4.6
Renault,Captur,2023,91.8,116.8,104.3,4.11,3.6-4.6
Renault,Captur,2024,91.4,116.4,103.9,4.09,3.6-4.6
Renault,Captur,2025,91.0,116.0,103.5,4.07,3.6-4.6
Renault,Captur,2026,90.6,115.6,103.1,4.06,3.6-4.6
Skoda,Octavia,2015,120.0,125.0,122.5,4.82,4.7-4.9
Skoda,Octavia,2016,119.6,124.6,122.1,4.81,4.7-4.9
Skoda,Octavia,2017,119.2,124.2,121.7,4.79,4.7-4.9
Skoda,Octavia,2018,118.8,123.8,121.3,4.78,4.7-4.9
Skoda,Octavia,2019,118.4,123.4,120.9,4.76,4.7-4.9
Skoda,Octavia,2020,118.0,123.0,120.5,4.74,4.6-4.8
Skoda,Octavia,2021,117.6,122.6,120.1,4.73,4.6-4.8
Skoda,Octavia,2022,117.2,122.2,119.7,4.71,4.6-4.8
Skoda,Octavia,2023,116.8,121.8,119.3,4.7,4.6-4.8
Skoda,Octavia,2024,116.4,121.4,118.9,4.68,4.6-4.8
Skoda,Octavia,2025,116.0,121.0,118.5,4.67,4.6-4.8
Skoda,Octavia,2026,115.6,120.6,118.1,4.65,4.6-4.7
Skoda,Fabia,2015,99.0,120.0,109.5,4.31,3.9-4.7
Skoda,Fabia,2016,98.6,119.6,109.1,4.3,3.9-4.7
Skoda,Fabia,2017,98.2,119.2,108.7,4.28,3.9-4.7
Skoda,Fabia,2018,97.8,118.8,108.3,4.26,3.9-4.7
Skoda,Fabia,2019,97.4,118.4,107.9,4.25,3.8-4.7
Skoda,Fabia,2020,97.0,118.0,107.5,4.23,3.8-4.6
Skoda,Fabia,2021,96.6,117.6,107.1,4.22,3.8-4.6
Skoda,Fabia,2022,96.2,117.2,106.7,4.2,3.8-4.6
Skoda,Fabia,2023,95.8,116.8,106.3,4.19,3.8-4.6
Skoda,Fabia,2024,95.4,116.4,105.9,4.17,3.8-4.6
Skoda,Fabia,2025,95.0,116.0,105.5,4.15,3.7-4.6
Skoda,Fabia,2026,94.6,115.6,105.1,4.14,3.7-4.6
Skoda,Superb,2015,99.0,120.0,109.5,4.31,3.9-4.7
Skoda,Superb,2016,98.6,119.6,109.1,4.3,3.9-4.7
Skoda,Superb,2017,98.2,119.2,108.7,4.28,3.9-4.7
Skoda,Superb,2018,97.8,118.8,108.3,4.26,3.9-4.7
Skoda,Superb,2019,97.4,118.4,107.9,4.25,3.8-4.7
Skoda,Superb,2020,97.0,118.0,107.5,4.23,3.8-4.6
Skoda,Superb,2021,96.6,117.6,107.1,4.22,3.8-4.6
Skoda,Superb,2022,96.2,117.2,106.7,4.2,3.8-4.6
Skoda,Superb,2023,95.8,116.8,106.3,4.19,3.8-4.6
Skoda,Superb,2024,95.4,116.4,105.9,4.17,3.8-4.6
Skoda,Superb,2025,95.0,116.0,105.5,4.15,3.7-4.6
Skoda,Superb,2026,94.6,115.6,105.1,4.14,3.7-4.6
Skoda,Kodiaq,2015,110.0,125.0,117.5,4.63,4.3-4.9
Skoda,Kodiaq,2016,109.6,124.6,117.1,4.61,4.3-4.9
Skoda,Kodiaq,2017,109.2,124.2,116.7,4.59,4.3-4.9
Skoda,Kodiaq,2018,108.8,123.8,116.3,4.58,4.3-4.9
Skoda,Kodiaq,2019,108.4,123.4,115.9,4.56,4.3-4.9
Skoda,Kodiaq,2020,108.0,123.0,115.5,4.55,4.3-4.8
Skoda,Kodiaq,2021,107.6,122.6,115.1,4.53,4.2-4.8
Skoda,Kodiaq,2022,107.2,122.2,114.7,4.52,4.2-4.8
Skoda,Kodiaq,2023,106.8,121.8,114.3,4.5,4.2-4.8
Skoda,Kodiaq,2024,106.4,121.4,113.9,4.48,4.2-4.8
Skoda,Kodiaq,2025,106.0,121.0,113.5,4.47,4.2-4.8
Skoda,Kodiaq,2026,105.6,120.6,113.1,4.45,4.2-4.7
Ferrari,488/F8,2015,150.0,200.0,175.0,6.89,5.9-7.9
Ferrari,488/F8,2016,149.6,199.6,174.6,6.87,5.9-7.9
Ferrari,488/F8,2017,149.2,199.2,174.2,6.86,5.9-7.8
Ferrari,488/F8,2018,148.8,198.8,173.8,6.84,5.9-7.8
Ferrari,488/F8,2019,148.4,198.4,173.4,6.83,5.8-7.8
Ferrari,488/F8,2020,148.0,198.0,173.0,6.81,5.8-7.8
Ferrari,488/F8,2021,147.6,197.6,172.6,6.8,5.8-7.8
Ferrari,488/F8,2022,147.2,197.2,172.2,6.78,5.8-7.8
Ferrari,488/F8,2023,146.8,196.8,171.8,6.76,5.8-7.7
Ferrari,488/F8,2024,146.4,196.4,171.4,6.75,5.8-7.7
Ferrari,488/F8,2025,146.0,196.0,171.0,6.73,5.7-7.7
Ferrari,488/F8,2026,145.6,195.6,170.6,6.72,5.7-7.7
Ferrari,Roma,2015,150.0,200.0,175.0,6.89,5.9-7.9
Ferrari,Roma,2016,149.6,199.6,174.6,6.87,5.9-7.9
Ferrari,Roma,2017,149.2,199.2,174.2,6.86,5.9-7.8
Ferrari,Roma,2018,148.8,198.8,173.8,6.84,5.9-7.8
Ferrari,Roma,2019,148.4,198.4,173.4,6.83,5.8-7.8
Ferrari,Roma,2020,148.0,198.0,173.0,6.81,5.8-7.8
Ferrari,Roma,2021,147.6,197.6,172.6,6.8,5.8-7.8
Ferrari,Roma,2022,147.2,197.2,172.2,6.78,5.8-7.8
Ferrari,Roma,2023,146.8,196.8,171.8,6.76,5.8-7.7
Ferrari,Roma,2024,146.4,196.4,171.4,6.75,5.8-7.7
Ferrari,Roma,2025,146.0,196.0,171.0,6.73,5.7-7.7
Ferrari,Roma,2026,145.6,195.6,170.6,6.72,5.7-7.7
Ferrari,SF90,2015,150.0,200.0,175.0,6.89,5.9-7.9
Ferrari,SF90,2016,149.6,199.6,174.6,6.87,5.9-7.9
Ferrari,SF90,2017,149.2,199.2,174.2,6.86,5.9-7.8
Ferrari,SF90,2018,148.8,198.8,173.8,6.84,5.9-7.8
Ferrari,SF90,2019,148.4,198.4,173.4,6.83,5.8-7.8
Ferrari,SF90,2020,148.0,198.0,173.0,6.81,5.8-7.8
Ferrari,SF90,2021,147.6,197.6,172.6,6.8,5.8-7.8
Ferrari,SF90,2022,147.2,197.2,172.2,6.78,5.8-7.8
Ferrari,SF90,2023,146.8,196.8,171.8,6.76,5.8-7.7
Ferrari,SF90,2024,146.4,196.4,171.4,6.75,5.8-7.7
Ferrari,SF90,2025,146.0,196.0,171.0,6.73,5.7-7.7
Ferrari,SF90,2026,145.6,195.6,170.6,6.72,5.7-7.7
Lamborghini,Huracan,2015,130.0,170.0,150.0,5.91,5.1-6.7
Lamborghini,Huracan,2016,129.6,169.6,149.6,5.89,5.1-6.7
Lamborghini,Huracan,2017,129.2,169.2,149.2,5.87,5.1-6.7
Lamborghini,Huracan,2018,128.8,168.8,148.8,5.86,5.1-6.6
Lamborghini,Huracan,2019,128.4,168.4,148.4,5.84,5.1-6.6
Lamborghini,Huracan,2020,128.0,168.0,148.0,5.83,5.0-6.6
Lamborghini,Huracan,2021,127.6,167.6,147.6,5.81,5.0-6.6
Lamborghini,Huracan,2022,127.2,167.2,147.2,5.8,5.0-6.6
Lamborghini,Huracan,2023,126.8,166.8,146.8,5.78,5.0-6.6
Lamborghini,Huracan,2024,126.4,166.4,146.4,5.76,5.0-6.6
Lamborghini,Huracan,2025,126.0,166.0,146.0,5.75,5.0-6.5
Lamborghini,Huracan,2026,125.6,165.6,145.6,5.73,4.9-6.5
Lamborghini,Urus,2015,130.0,170.0,150.0,5.91,5.1-6.7
Lamborghini,Urus,2016,129.6,169.6,149.6,5.89,5.1-6.7
Lamborghini,Urus,2017,129.2,169.2,149.2,5.87,5.1-6.7
Lamborghini,Urus,2018,128.8,168.8,148.8,5.86,5.1-6.6
Lamborghini,Urus,2019,128.4,168.4,148.4,5.84,5.1-6.6
Lamborghini,Urus,2020,128.0,168.0,148.0,5.83,5.0-6.6
Lamborghini,Urus,2021,127.6,167.6,147.6,5.81,5.0-6.6
Lamborghini,Urus,2022,127.2,167.2,147.2,5.8,5.0-6.6
Lamborghini,Urus,2023,126.8,166.8,146.8,5.78,5.0-6.6
Lamborghini,Urus,2024,126.4,166.4,146.4,5.76,5.0-6.6
Lamborghini,Urus,2025,126.0,166.0,146.0,5.75,5.0-6.5
Lamborghini,Urus,2026,125.6,165.6,145.6,5.73,4.9-6.5
