no,file,uid,title,make,model,year,trim,license,creator,source_url,size_mb,file_type
1,09ebc68dcb634807a9dace7404ce5e66__Ford_Bronco.glb,09ebc68dcb634807a9dace7404ce5e66,Ford Bronco,Ford,,,,CC Attribution,CasacadeOperations,https://sketchfab.com/3d-models/none-09ebc68dcb634807a9dace7404ce5e66,14.9,glb
2,0fed0c172d784be19988e3fcefd948ae__2021_Skoda_Octavia_Pro.glb,0fed0c172d784be19988e3fcefd948ae,2021 Skoda Octavia Pro,Skoda,Octavia,2021,,CC Attribution-NonCommercial-ShareAlike,ddiaz-design,https://sketchfab.com/3d-models/none-0fed0c172d784be19988e3fcefd948ae,11.2,glb
3,10a95624ce5046f5805bd9d17256e033__BMW_M5_E34.glb,10a95624ce5046f5805bd9d17256e033,BMW M5 E34,BMW,5 Series,,,CC Attribution-NonCommercial,temich_,https://sketchfab.com/3d-models/none-10a95624ce5046f5805bd9d17256e033,25.4,glb
4,119c5e10733142b197aa53b86f6aeb04__Mercedes_E_Class_W212.glb,119c5e10733142b197aa53b86f6aeb04,Mercedes E Class W212,Mercedes,E Class,,,CC Attribution,better_peter,https://sketchfab.com/3d-models/none-119c5e10733142b197aa53b86f6aeb04,37.3,glb
5,148e5d74c60345aa81f26a119819ef4b__Fiat_500__Personal_Work.glb,148e5d74c60345aa81f26a119819ef4b,Fiat 500  Personal Work,Fiat,500,,,CC Attribution,mk2design,https://sketchfab.com/3d-models/none-148e5d74c60345aa81f26a119819ef4b,75.3,glb
6,170df9c498a84dcea040985871ee4e67__65_Chevy_Malibu.glb,170df9c498a84dcea040985871ee4e67,65 Chevy Malibu,Chevrolet,Malibu,,,CC Attribution,joko_p,https://sketchfab.com/3d-models/none-170df9c498a84dcea040985871ee4e67,10.0,glb
7,192f7e81dce84c6780434f692a0f96c5__Jeep_Renegade_2016.glb,192f7e81dce84c6780434f692a0f96c5,Jeep Renegade 2016,Jeep,,2016,,CC Attribution,pinceladas3d,https://sketchfab.com/3d-models/none-192f7e81dce84c6780434f692a0f96c5,0.4,glb
8,1a2a52b16cad4e618af347461817895c__Mercedes_Benz_G-class_W263.glb,1a2a52b16cad4e618af347461817895c,Mercedes Benz G-class W263,Mercedes,,,,CC Attribution,Lexyc16,https://sketchfab.com/3d-models/none-1a2a52b16cad4e618af347461817895c,0.6,glb
9,1baa016f2c814cd7ace8ea86a927fa4a__1987_BMW_E34_LP.glb,1baa016f2c814cd7ace8ea86a927fa4a,1987 BMW E34 LP,BMW,5 Series,1987,,Free Standard,KrStolorz,https://sketchfab.com/3d-models/none-1baa016f2c814cd7ace8ea86a927fa4a,1.9,glb
10,1fb8f26b105445fbaa98ca2577f7067e__1992_Volkswagen_Golf_GTI_Mk2.glb,1fb8f26b105445fbaa98ca2577f7067e,1992 Volkswagen Golf GTI Mk2,Volkswagen,Golf,1992,GTI,CC Attribution-NonCommercial-ShareAlike,ddiaz-design,https://sketchfab.com/3d-models/none-1fb8f26b105445fbaa98ca2577f7067e,2.5,glb
11,1fc46cb37bd748e3bb9355fcedaf3817__1976_Volkswagen_Golf_GTI_Mk1.glb,1fc46cb37bd748e3bb9355fcedaf3817,1976 Volkswagen Golf GTI Mk1,Volkswagen,Golf,,GTI,CC Attribution-NonCommercial-ShareAlike,ddiaz-design,https://sketchfab.com/3d-models/none-1fc46cb37bd748e3bb9355fcedaf3817,3.8,glb
12,213cd126fcd744809fb7996eb88366f5__Fiat_500_-_1970_Model.glb,213cd126fcd744809fb7996eb88366f5,Fiat 500 - 1970 Model,Fiat,500,,,CC Attribution,parsafarvadian,https://sketchfab.com/3d-models/none-213cd126fcd744809fb7996eb88366f5,14.8,glb
13,2193b76ebc66474a8dac01242014c911__1974_Volkswagen_Golf_Mk1_LP.glb,2193b76ebc66474a8dac01242014c911,1974 Volkswagen Golf Mk1 LP,Volkswagen,Golf,,,Free Standard,KrStolorz,https://sketchfab.com/3d-models/none-2193b76ebc66474a8dac01242014c911,9.4,glb
14,277e2569280d4c9fa3bc3a85bbc627f1__2002_Mazda_RX-7_Spirit-R.glb,277e2569280d4c9fa3bc3a85bbc627f1,2002 Mazda RX-7 Spirit-R,Mazda,2,2002,,CC Attribution-NonCommercial-ShareAlike,outpiston,https://sketchfab.com/3d-models/none-277e2569280d4c9fa3bc3a85bbc627f1,2.6,glb
15,2935f8faa5f64ce4a3bd65af0f925c21__Low_Poly_Car_-_Cadillac_75_Sedan_1953.glb,2935f8faa5f64ce4a3bd65af0f925c21,Low Poly Car - Cadillac 75 Sedan 1953,Cadillac,,,,CC Attribution,roh3d,https://sketchfab.com/3d-models/none-2935f8faa5f64ce4a3bd65af0f925c21,3.6,glb
16,2c8aadc8d0ea4ec180f758cd1361254b__2023_Lexus_GX_550_h_Overtrail.glb,2c8aadc8d0ea4ec180f758cd1361254b,2023 Lexus GX 550 h Overtrail,Lexus,,2023,,CC Attribution-NonCommercial-ShareAlike,ddiaz-design,https://sketchfab.com/3d-models/none-2c8aadc8d0ea4ec180f758cd1361254b,22.0,glb
17,2cb59dfa2f104d1385b184916a93ad6c__1990_Mercedes-Benz_190E_25-16_Evolution_II.glb,2cb59dfa2f104d1385b184916a93ad6c,1990 Mercedes-Benz 190E 25-16 Evolution II,Mercedes,A Class,1990,,CC Attribution-NonCommercial-ShareAlike,outpiston,https://sketchfab.com/3d-models/none-2cb59dfa2f104d1385b184916a93ad6c,3.3,glb
18,2e82d2aaaa3d47debf39b1160d3fe376__2024_BYD_Seal.glb,2e82d2aaaa3d47debf39b1160d3fe376,2024 BYD Seal,,,2024,,CC Attribution-NonCommercial-ShareAlike,ddiaz-design,https://sketchfab.com/3d-models/none-2e82d2aaaa3d47debf39b1160d3fe376,20.4,glb
19,34c4687ba8204efaa7551afea9f5689f__Mersedes-_Benz_Maybach_GLS_600.glb,34c4687ba8204efaa7551afea9f5689f,Mersedes- Benz Maybach GLS 600,,,,,CC Attribution,BlackSnow02,https://sketchfab.com/3d-models/none-34c4687ba8204efaa7551afea9f5689f,32.6,glb
20,390897ff7fe9449aa77a2d640e2caff9__2002_Mitsubishi_Lancer_Evolution_VII_DAMD_-_2F2F.glb,390897ff7fe9449aa77a2d640e2caff9,2002 Mitsubishi Lancer Evolution VII DAMD - 2F2F,Mitsubishi,Lancer,2002,,CC Attribution-NonCommercial-ShareAlike,ddiaz-design,https://sketchfab.com/3d-models/none-390897ff7fe9449aa77a2d640e2caff9,14.0,glb
21,3d4a1578573645de9a2915e93b7edcf7__Nouvelle_Peugeot_208_-_lowpoly.glb,3d4a1578573645de9a2915e93b7edcf7,Nouvelle Peugeot 208 - lowpoly,Peugeot,208,,,CC Attribution,grunystudio,https://sketchfab.com/3d-models/none-3d4a1578573645de9a2915e93b7edcf7,1.1,glb
22,3fa89e6bf78b49aab111af4195efb6fe__Low_Poly_Car_-_Chrysler_Saratoga_1960.glb,3fa89e6bf78b49aab111af4195efb6fe,Low Poly Car - Chrysler Saratoga 1960,Chrysler,,,,CC Attribution,roh3d,https://sketchfab.com/3d-models/none-3fa89e6bf78b49aab111af4195efb6fe,3.7,glb
23,4411a6bd5706470889e3ee511dd0b039__Subaru_Impreza.glb,4411a6bd5706470889e3ee511dd0b039,Subaru Impreza,Subaru,Impreza,,,Free Standard,Namahoi,https://sketchfab.com/3d-models/none-4411a6bd5706470889e3ee511dd0b039,0.3,glb
24,44bdb8317f0840b3bc858e606f86db6b__1989_Chevrolet_Suburban.glb,44bdb8317f0840b3bc858e606f86db6b,1989 Chevrolet Suburban,Chevrolet,,1989,,CC Attribution,throwbackthursdaymodels,https://sketchfab.com/3d-models/none-44bdb8317f0840b3bc858e606f86db6b,10.2,glb
25,478330312c3d46fd94999c3133ce0366__BMW_3_Series_touring_E46_2001.glb,478330312c3d46fd94999c3133ce0366,BMW 3 Series touring E46 2001,BMW,3 Series,2001,,CC Attribution,speedmodel,https://sketchfab.com/3d-models/none-478330312c3d46fd94999c3133ce0366,38.2,glb
26,492301d401ea4fb7bb1cb63e980051d0__2016_Volkswagen_Golf_GTI_Clubsport_Mk7.glb,492301d401ea4fb7bb1cb63e980051d0,2016 Volkswagen Golf GTI Clubsport Mk7,Volkswagen,Golf,2016,GTI,CC Attribution-NonCommercial-ShareAlike,ddiaz-design,https://sketchfab.com/3d-models/none-492301d401ea4fb7bb1cb63e980051d0,7.3,glb
27,4a590f4afa094fa8b407a14db77a63a8__Rolls-Royce_Ghost.glb,4a590f4afa094fa8b407a14db77a63a8,Rolls-Royce Ghost,,,,,CC Attribution,BlackSnow02,https://sketchfab.com/3d-models/none-4a590f4afa094fa8b407a14db77a63a8,37.4,glb
28,4ba1b1b0eb844e318cc708ada1f2f51f__2024_Hyundai_Elantra_N.glb,4ba1b1b0eb844e318cc708ada1f2f51f,2024 Hyundai Elantra N,Hyundai,Elantra,2024,,CC Attribution-NonCommercial,ddiaz-design,https://sketchfab.com/3d-models/none-4ba1b1b0eb844e318cc708ada1f2f51f,15.4,glb
29,4f7c7318a29d4e16a6047c2d58bba28d__Peugeot_3008.glb,4f7c7318a29d4e16a6047c2d58bba28d,Peugeot 3008,Peugeot,308,,,CC Attribution-NonCommercial,OneSteven,https://sketchfab.com/3d-models/none-4f7c7318a29d4e16a6047c2d58bba28d,6.0,glb
30,53c739ff5512413e8d6c373c65b95047__2021_Mercedes-Benz_S-Class_Maybach.glb,53c739ff5512413e8d6c373c65b95047,2021 Mercedes-Benz S-Class Maybach,Mercedes,C Class,2021,,CC Attribution-NonCommercial,ddiaz-design,https://sketchfab.com/3d-models/none-53c739ff5512413e8d6c373c65b95047,18.1,glb
31,562bf516e1494df38d8f222504dc798b__Gerald_R_Ford_aircraft_Carrier.glb,562bf516e1494df38d8f222504dc798b,Gerald R Ford aircraft Carrier,Ford,Explorer,,,CC Attribution,waelXcm,https://sketchfab.com/3d-models/none-562bf516e1494df38d8f222504dc798b,24.9,glb
32,56c780a9e82b4c739517a13b98a8e77a__Mitsubishi_Starion_GSR-VR.glb,56c780a9e82b4c739517a13b98a8e77a,Mitsubishi Starion GSR-VR,Mitsubishi,,,,CC Attribution,dsm350,https://sketchfab.com/3d-models/none-56c780a9e82b4c739517a13b98a8e77a,3.9,glb
33,5c22c249418943fa866cc64de106ea2f__2001__BMW_M3_GTR_E46.glb,5c22c249418943fa866cc64de106ea2f,2001  BMW M3 GTR E46,BMW,5 Series,2001,,CC Attribution,sohyalebret,https://sketchfab.com/3d-models/none-5c22c249418943fa866cc64de106ea2f,6.1,glb
34,5ddd3b440cf0496782948d765b8ef0c4__2002_Mercedes-Benz_E320_W210_4Matic_Sedan.glb,5ddd3b440cf0496782948d765b8ef0c4,2002 Mercedes-Benz E320 W210 4Matic Sedan,Mercedes,,2002,,CC Attribution-NonCommercial-ShareAlike,ddiaz-design,https://sketchfab.com/3d-models/none-5ddd3b440cf0496782948d765b8ef0c4,6.8,glb
35,60b2b5e9f5ce45cbb41832793d0e0e68__2002_Mazda_RX-7_Spirit_R_Type_A_FD.glb,60b2b5e9f5ce45cbb41832793d0e0e68,2002 Mazda RX-7 Spirit R Type A FD,Mazda,3,2002,,CC Attribution-NonCommercial-ShareAlike,ddiaz-design,https://sketchfab.com/3d-models/none-60b2b5e9f5ce45cbb41832793d0e0e68,5.8,glb
36,61c922248b59447892ce34ba0fc290f3__2015_Mercedes-Benz_G-Class_G_63_AMG.glb,61c922248b59447892ce34ba0fc290f3,2015 Mercedes-Benz G-Class G 63 AMG,Mercedes,A Class,2015,AMG,CC Attribution-NonCommercial,ddiaz-design,https://sketchfab.com/3d-models/none-61c922248b59447892ce34ba0fc290f3,8.0,glb
37,64db1862be754722bbf4f23695bf06a5__2020_Mercedes-Benz_G-Class_AMG_G_63.glb,64db1862be754722bbf4f23695bf06a5,2020 Mercedes-Benz G-Class AMG G 63,Mercedes,A Class,2020,AMG,CC Attribution-NonCommercial,ddiaz-design,https://sketchfab.com/3d-models/none-64db1862be754722bbf4f23695bf06a5,13.3,glb
38,65f8f21ef0824e62b9fe36d17ebd8b99__Volvo_PV654_Sedan_Free_v2.glb,65f8f21ef0824e62b9fe36d17ebd8b99,Volvo PV654 Sedan Free v2,Volvo,,,,CC Attribution,robinmikart,https://sketchfab.com/3d-models/none-65f8f21ef0824e62b9fe36d17ebd8b99,4.4,glb
39,6a0e311f8c404fbaad783ed587014c1d__2005_Nismo_Nissan_Skyline_R34_GTR_Z_Tune.glb,6a0e311f8c404fbaad783ed587014c1d,2005 Nismo Nissan Skyline R34 GTR Z Tune,Nissan,,2005,,CC Attribution-NonCommercial-ShareAlike,ddiaz-design,https://sketchfab.com/3d-models/none-6a0e311f8c404fbaad783ed587014c1d,22.0,glb
40,6d67d12a2abe4e119842f65e46fa2f67__BMW_M3_E30.glb,6d67d12a2abe4e119842f65e46fa2f67,BMW M3 E30,BMW,3 Series,,,CC Attribution,temp0.crazy,https://sketchfab.com/3d-models/none-6d67d12a2abe4e119842f65e46fa2f67,20.8,glb
41,723f3868359b4caa90ec639d27ccf06d__Ford_Mustang_John_Bowe_1969__wwwvecarzcom.glb,723f3868359b4caa90ec639d27ccf06d,Ford Mustang John Bowe 1969  wwwvecarzcom,Ford,,,,CC Attribution,heynic,https://sketchfab.com/3d-models/none-723f3868359b4caa90ec639d27ccf06d,31.9,glb
42,74cc740ae7a84224949427d60c3900cb__Mercedes-Benz_W201.glb,74cc740ae7a84224949427d60c3900cb,Mercedes-Benz W201,Mercedes,,,,CC Attribution,tnikita,https://sketchfab.com/3d-models/none-74cc740ae7a84224949427d60c3900cb,1.2,glb
43,7674a3bd168a451daf73fc0a33d39589__2015_Hyundai_Tucson.glb,7674a3bd168a451daf73fc0a33d39589,2015 Hyundai Tucson,Hyundai,Tucson,2015,,CC Attribution,razor24,https://sketchfab.com/3d-models/none-7674a3bd168a451daf73fc0a33d39589,1.2,glb
44,7805392209c44fffa6b4decda5510e69__Volkswagen_Jetta_2_1986_Highpoly.glb,7805392209c44fffa6b4decda5510e69,Volkswagen Jetta 2 1986 Highpoly,Volkswagen,Golf,1986,,CC Attribution,panmax,https://sketchfab.com/3d-models/none-7805392209c44fffa6b4decda5510e69,104.9,glb
45,79734588c8324e15b0466c10046e1dfb__Peugeot_Vision_GT_Gr3.glb,79734588c8324e15b0466c10046e1dfb,Peugeot Vision GT Gr3,Peugeot,308,,GT,CC Attribution,sohyalebret,https://sketchfab.com/3d-models/none-79734588c8324e15b0466c10046e1dfb,9.8,glb
46,7d4c472ba3244d5a8f99cf72f83ae9e8__2009_Volkswagen_Amarok_LP.glb,7d4c472ba3244d5a8f99cf72f83ae9e8,2009 Volkswagen Amarok LP,Volkswagen,Polo,2009,,Free Standard,KrStolorz,https://sketchfab.com/3d-models/none-7d4c472ba3244d5a8f99cf72f83ae9e8,1.5,glb
47,8707749514974d7b931744a4a740a200__Vespa_50_Special.glb,8707749514974d7b931744a4a740a200,Vespa 50 Special,Fiat,500,,,CC Attribution,danilo2222255,https://sketchfab.com/3d-models/none-8707749514974d7b931744a4a740a200,2.4,glb
48,8a1530794143468cbb8fff262d4a7455__Mazda_Vision_RX__wwwvecarzcom.glb,8a1530794143468cbb8fff262d4a7455,Mazda Vision RX  wwwvecarzcom,Mazda,2,,,CC Attribution,heynic,https://sketchfab.com/3d-models/none-8a1530794143468cbb8fff262d4a7455,38.0,glb
49,8c9484184a2b4254aafd67418b8c18db__2023_Honda_Civic_Type_R.glb,8c9484184a2b4254aafd67418b8c18db,2023 Honda Civic Type R,Honda,,2023,,CC Attribution-NonCommercial-ShareAlike,ddiaz-design,https://sketchfab.com/3d-models/none-8c9484184a2b4254aafd67418b8c18db,17.7,glb
50,8deab9d97646487fbe6390012775a4ba__Low_Poly_Vehicle_Mini_Pack_5.glb,8deab9d97646487fbe6390012775a4ba,Low Poly Vehicle Mini Pack 5,Mini,,,,Free Standard,vladek27,https://sketchfab.com/3d-models/none-8deab9d97646487fbe6390012775a4ba,23.2,glb
51,8e87379f40fd40dcac0a751e22c1a188__BMW_M4_f82.glb,8e87379f40fd40dcac0a751e22c1a188,BMW M4 f82,BMW,,,,CC Attribution,BlackSnow02,https://sketchfab.com/3d-models/none-8e87379f40fd40dcac0a751e22c1a188,23.5,glb
52,9012258c3f4440919919cb23442ad507__2025_Volkswagen_Golf_R_Black_Edition.glb,9012258c3f4440919919cb23442ad507,2025 Volkswagen Golf R Black Edition,Volkswagen,Golf,2025,,CC Attribution-NonCommercial-ShareAlike,ddiaz-design,https://sketchfab.com/3d-models/none-9012258c3f4440919919cb23442ad507,22.3,glb
53,91a5454aaf02492a9c7e959b8eb6db9f__Ford_Mustang_John_Bowe_1969__wwwvecarzcom.glb,91a5454aaf02492a9c7e959b8eb6db9f,Ford Mustang John Bowe 1969  wwwvecarzcom,Ford,,,,CC Attribution,heynic,https://sketchfab.com/3d-models/none-91a5454aaf02492a9c7e959b8eb6db9f,35.0,glb
54,9482f251f9c34a6e91d7777db5934cfc__Mercedes-Benz_A45_AMG_2018.glb,9482f251f9c34a6e91d7777db5934cfc,Mercedes-Benz A45 AMG 2018,Mercedes,A Class,2018,AMG,CC Attribution-NonCommercial,Lexyc16,https://sketchfab.com/3d-models/none-9482f251f9c34a6e91d7777db5934cfc,16.0,glb
55,979f37a878f04b2a8d888b62ea6027e9__Mercedes-Benz_Maybach_2022.glb,979f37a878f04b2a8d888b62ea6027e9,Mercedes-Benz Maybach 2022,Mercedes,,2022,,CC Attribution,mpgs.studio,https://sketchfab.com/3d-models/none-979f37a878f04b2a8d888b62ea6027e9,81.5,glb
56,ab2574c2d1414062bedc6a5457443757__1990_BMW_E30_M3_Sport_Evolution.glb,ab2574c2d1414062bedc6a5457443757,1990 BMW E30 M3 Sport Evolution,BMW,3 Series,1990,Sport,CC Attribution-NonCommercial-ShareAlike,ddiaz-design,https://sketchfab.com/3d-models/none-ab2574c2d1414062bedc6a5457443757,15.7,glb
57,ac3c7013434e403e8faff87948caf422__FREE_BMW_M3_E30.glb,ac3c7013434e403e8faff87948caf422,FREE BMW M3 E30,BMW,3 Series,,,CC Attribution,TinoD2,https://sketchfab.com/3d-models/none-ac3c7013434e403e8faff87948caf422,14.0,glb
58,acbd071edff442d88b0b261ef0d005a7__Polski_Fiat_126p_passenger_car.glb,acbd071edff442d88b0b261ef0d005a7,Polski Fiat 126p passenger car,Fiat,,,,CC Attribution-NonCommercial-ShareAlike,mitkrakow,https://sketchfab.com/3d-models/none-acbd071edff442d88b0b261ef0d005a7,21.5,glb
59,b59a403dfa1d40318c1126e658f87c19__Fiat_Abarth_500.glb,b59a403dfa1d40318c1126e658f87c19,Fiat Abarth 500,Fiat,500,,,CC Attribution,speedmodel,https://sketchfab.com/3d-models/none-b59a403dfa1d40318c1126e658f87c19,13.5,glb
60,b66d0653ceec4a9dbe9e51ef6e0153ce__2021__Ford_Puma_Rally1.glb,b66d0653ceec4a9dbe9e51ef6e0153ce,2021  Ford Puma Rally1,Ford,Fiesta,2021,,CC Attribution,sohyalebret,https://sketchfab.com/3d-models/none-b66d0653ceec4a9dbe9e51ef6e0153ce,26.5,glb
61,b9604dd71c6546ec842702682019492a__Honda_Civic_Type_R_-98_Free_Asset.glb,b9604dd71c6546ec842702682019492a,Honda Civic Type R -98 Free Asset,Honda,,,,CC Attribution,tiedtke,https://sketchfab.com/3d-models/none-b9604dd71c6546ec842702682019492a,19.4,glb
62,c3d5dcd8ff724bc88c46760d92fc5188__Mitsubishi_Lancer_Evolution_6___wwwvecarzcom.glb,c3d5dcd8ff724bc88c46760d92fc5188,Mitsubishi Lancer Evolution 6   wwwvecarzcom,Mitsubishi,Lancer,,,CC Attribution,heynic,https://sketchfab.com/3d-models/none-c3d5dcd8ff724bc88c46760d92fc5188,5.0,glb
63,c7ea648fc99940779dbd84d51adaa37e__Chevrolet_Camaro__wwwvecarzcom.glb,c7ea648fc99940779dbd84d51adaa37e,Chevrolet Camaro  wwwvecarzcom,Chevrolet,,,,CC Attribution,heynic,https://sketchfab.com/3d-models/none-c7ea648fc99940779dbd84d51adaa37e,35.2,glb
64,c9e5bcde2fa243ccb47514e45a621118__2013_Mercedes-Benz_G-Class_G_550.glb,c9e5bcde2fa243ccb47514e45a621118,2013 Mercedes-Benz G-Class G 550,Mercedes,A Class,2013,,CC Attribution-NonCommercial,ddiaz-design,https://sketchfab.com/3d-models/none-c9e5bcde2fa243ccb47514e45a621118,3.0,glb
65,cfffafee79f54062b0dd066b6e410d63__1969_Nissan_Fairlady_Z_432.glb,cfffafee79f54062b0dd066b6e410d63,1969 Nissan Fairlady Z 432,Nissan,,,,CC Attribution-NonCommercial-ShareAlike,outpiston,https://sketchfab.com/3d-models/none-cfffafee79f54062b0dd066b6e410d63,2.4,glb
66,d76ad5a0495443eda24a9052565ef9a8__OPEL_Astra_GTC_2012.glb,d76ad5a0495443eda24a9052565ef9a8,OPEL Astra GTC 2012,Opel,Astra,2012,,CC Attribution,comrade1280,https://sketchfab.com/3d-models/none-d76ad5a0495443eda24a9052565ef9a8,13.5,glb
67,d9bfd8126e754164b48ded833c017bbf__Low_Poly_Car_-_BMW_E46_1998.glb,d9bfd8126e754164b48ded833c017bbf,Low Poly Car - BMW E46 1998,BMW,,1998,,CC Attribution,roh3d,https://sketchfab.com/3d-models/none-d9bfd8126e754164b48ded833c017bbf,2.3,glb
68,da7dc289aeee4c8590762a1218b1bc6d__2018_Mercedes_Benz_E63_AMG_S_Wagon.glb,da7dc289aeee4c8590762a1218b1bc6d,2018 Mercedes Benz E63 AMG S Wagon,Mercedes,E Class,2018,AMG,CC Attribution,sinnik,https://sketchfab.com/3d-models/none-da7dc289aeee4c8590762a1218b1bc6d,22.3,glb
69,e3afa0620b054b8ba7da6cfe1523d24a__Ferrari_Vision_GT__Thanks_For_100_Followers.glb,e3afa0620b054b8ba7da6cfe1523d24a,Ferrari Vision GT  Thanks For 100 Followers,Peugeot,108,,GT,CC Attribution,sohyalebret,https://sketchfab.com/3d-models/none-e3afa0620b054b8ba7da6cfe1523d24a,20.3,glb
70,e4087350c4d84d8391de09b405c96488__Jeep_Compass_2022_Lowpoly.glb,e4087350c4d84d8391de09b405c96488,Jeep Compass 2022 Lowpoly,Jeep,,2022,,CC Attribution,a0930582398,https://sketchfab.com/3d-models/none-e4087350c4d84d8391de09b405c96488,14.7,glb
71,e453bdae0ee1423ea79f1322db1c7459__1986_BMW_E30_FL_LP.glb,e453bdae0ee1423ea79f1322db1c7459,1986 BMW E30 FL LP,BMW,3 Series,1986,,Free Standard,KrStolorz,https://sketchfab.com/3d-models/none-e453bdae0ee1423ea79f1322db1c7459,9.0,glb
72,e820cf40821940bcafebf24bec693d16__McLaren_720s_Spider.glb,e820cf40821940bcafebf24bec693d16,McLaren 720s Spider,,,,,CC Attribution,mpgs.studio,https://sketchfab.com/3d-models/none-e820cf40821940bcafebf24bec693d16,58.8,glb
73,f0509bed976d453c92dfcd83a5ac14e5__2006_Mitsubishi_Lancer_Evolution_IX_MR.glb,f0509bed976d453c92dfcd83a5ac14e5,2006 Mitsubishi Lancer Evolution IX MR,Mitsubishi,Lancer,2006,,CC Attribution-NonCommercial-ShareAlike,ddiaz-design,https://sketchfab.com/3d-models/none-f0509bed976d453c92dfcd83a5ac14e5,5.0,glb
74,f1ab48918282450397c44daffb879f27__1972_Mazda_RX-3.glb,f1ab48918282450397c44daffb879f27,1972 Mazda RX-3,Mazda,3,,,CC Attribution-NonCommercial-ShareAlike,outpiston,https://sketchfab.com/3d-models/none-f1ab48918282450397c44daffb879f27,3.0,glb
75,f540fdbc0d93435d96ef354f01720dc0__2023_BMW_M3_Touring.glb,f540fdbc0d93435d96ef354f01720dc0,2023 BMW M3 Touring,BMW,,2023,,CC Attribution-NonCommercial-ShareAlike,ddiaz-design,https://sketchfab.com/3d-models/none-f540fdbc0d93435d96ef354f01720dc0,19.0,glb
76,f583b5bfc17346c08573dc4f1edebefe__2025_Mercedes-Benz_G-Class_AMG_G_63.glb,f583b5bfc17346c08573dc4f1edebefe,2025 Mercedes-Benz G-Class AMG G 63,Mercedes,C Class,2025,AMG,CC Attribution-NonCommercial,ddiaz-design,https://sketchfab.com/3d-models/none-f583b5bfc17346c08573dc4f1edebefe,6.0,glb
77,f680ad7e98e445eaafed1a70f2c53911__1968_Volkswagen_Beetle_LP.glb,f680ad7e98e445eaafed1a70f2c53911,1968 Volkswagen Beetle LP,Volkswagen,Polo,,,Free Standard,KrStolorz,https://sketchfab.com/3d-models/none-f680ad7e98e445eaafed1a70f2c53911,7.2,glb
