1	0833aae2ce314e20b2249a3396f32d46	BMW	BMW 520i	BMW 520i E39 Touring
2	c6576be338114eb9a8caf225186c2505	Citroen	Citroen C2	Citroen C2
3	9b95c482bd6a4bbd8a5d1a64002af0f8	Fiat	Fiat Panda	Fiat Panda II 2003-2012
4	d038275c361c4c939c826b033f3f04c5	Fiat	Fiat Panda	Fiat Panda
5	0756a0766fdc4ff0b3bc5b3f5285fbed	Fiat	Fiat Panda	Fiat Panda
6	38887c2e43294e34a2e032af23a64a80	Fiat	Fiat Panda	Fiat Panda Car
7	a5d33c632d664174922adaebb8d7940c	Fiat	Fiat Panda	FIAT panda en cours
8	3412188f796f46bc8db90b5e59827548	Ford	Ford Kuga	Ford Kuga
9	d9d718ea72d94afd8ea65073c719885d	Ford	Ford Puma	Ford Puma 1997-2002
10	af11acd6199b4f70b801ffd248d7efe6	Ford	Ford Kuga	Ford Kuga 2010
11	a4827c4d86224ab586218654559f4627	Honda	Odyssey	Honda Odyssey
12	240e909a9180493ebdc1def6cbdde88f	Honda	Fit	Honda Fit
13	20bd497876a44910bff0670d86127a9b	Honda	Acty	Honda Acty
14	17cc85164ad143e5bb0f3cd0a88079d2	Honda	Fit	2016 Honda Fit DBA-GK3
15	6af77df7e9fa40a3804ef2811d6a65e9	Honda	Fit	2020 Honda Fit Hybrid 6AA-GR3
16	1afad9d95b094c98a3e55db2fb331ac9	Hyundai	Hyundai i40	Hyundai I40
17	574deec95f094e9192b0023d3d4ad607	Hyundai	Hyundai Tucson	Hyundai Tucson 2022
18	f02a53a87b744d09a6cedceb568c4580	Jaguar	Jaguar F-Pace	jaguar f-pace
19	f3865ee652474fcc969196e4bfc3493d	Jaguar	Jaguar F-Pace	Jaguar F- Pace
20	a9f5713e8a4349458085b96d9fea4000	Lexus	Lexus GS	2004 Lexus GS 430
21	610652d234a3470e891c7b1ce8030a80	Lexus	Lexus GS	Lexus GS S160 2004
22	b25af87f9f28472084d148b1b1d08905	Lexus	Lexus GS	Lexus GS
23	6db67d7578f34a728f683fd54f485b15	Lexus	Lbx	Lexus LBX
24	600fd97b99cf4e60beeb24cc51c96107	Lexus	Lexus GS	Lexus GS MK4 2012-2020
25	fca7ffc299c44b699de926d24482d3c8	Lexus	Lexus GS	lexus gs 300 lowerd
26	71e499219de548a7a1be74c237b6a2fb	MINI	Truck	Mini-Truck
27	976be06a80ed4dcc8dfa734852e72133	Mitsubishi	Mitsubishi Colt	Mitsubishi Colt 3door
28	bc2dabd5a1454c9f967bdf680102352c	Mitsubishi	Mitsubishi Outlander	Mitsubishi Outlander 2022
29	ac884399355b4c9c91eeded016a88297	Mitsubishi	Mitsubishi Outlander	2003 Mitsubishi Outlander
30	a558be03c05a4c6c95e950438f9ec401	Peugeot	Peugeot 407	Peugeot 407
